sample,label
0.jpeg,99
1.jpeg,91
2.jpeg,67
3.jpeg,82
4.jpeg,73
5.jpeg,27
6.jpeg,22
7.jpeg,2
8.jpeg,31
9.jpeg,35
10.jpeg,35
11.jpeg,52
12.jpeg,78
13.jpeg,81
14.jpeg,15
15.jpeg,59
16.jpeg,44
17.jpeg,50
18.jpeg,32
19.jpeg,83
20.jpeg,98
21.jpeg,14
22.jpeg,49
23.jpeg,31
24.jpeg,79
25.jpeg,98
26.jpeg,57
27.jpeg,88
28.jpeg,82
29.jpeg,68
30.jpeg,55
31.jpeg,62
32.jpeg,60
33.jpeg,62
34.jpeg,48
35.jpeg,21
36.jpeg,83
37.jpeg,63
38.jpeg,58
39.jpeg,26
40.jpeg,18
41.jpeg,40
42.jpeg,5
43.jpeg,23
44.jpeg,79
45.jpeg,88
46.jpeg,34
47.jpeg,49
48.jpeg,63
49.jpeg,75
50.jpeg,40
51.jpeg,71
52.jpeg,46
53.jpeg,3
54.jpeg,18
55.jpeg,22
56.jpeg,53
57.jpeg,10
58.jpeg,66
59.jpeg,58
60.jpeg,99
61.jpeg,51
62.jpeg,17
63.jpeg,75
64.jpeg,97
65.jpeg,15
66.jpeg,32
67.jpeg,70
68.jpeg,63
69.jpeg,74
70.jpeg,45
71.jpeg,59
72.jpeg,49
73.jpeg,70
74.jpeg,61
75.jpeg,65
76.jpeg,79
77.jpeg,57
78.jpeg,3
79.jpeg,1
80.jpeg,88
81.jpeg,34
82.jpeg,91
83.jpeg,25
84.jpeg,65
85.jpeg,0
86.jpeg,24
87.jpeg,9
88.jpeg,33
89.jpeg,83
90.jpeg,38
91.jpeg,0
92.jpeg,39
93.jpeg,92
94.jpeg,86
95.jpeg,82
96.jpeg,18
97.jpeg,35
98.jpeg,5
99.jpeg,86
100.jpeg,18
101.jpeg,84
102.jpeg,90
103.jpeg,55
104.jpeg,58
105.jpeg,34
106.jpeg,62
107.jpeg,5
108.jpeg,63
109.jpeg,9
110.jpeg,1
111.jpeg,54
112.jpeg,57
113.jpeg,38
114.jpeg,9
115.jpeg,34
116.jpeg,52
117.jpeg,17
118.jpeg,33
119.jpeg,25
120.jpeg,24
121.jpeg,47
122.jpeg,17
123.jpeg,22
124.jpeg,99
125.jpeg,44
126.jpeg,8
127.jpeg,4
128.jpeg,97
129.jpeg,69
130.jpeg,88
131.jpeg,11
132.jpeg,8
133.jpeg,5
134.jpeg,16
135.jpeg,21
136.jpeg,71
137.jpeg,82
138.jpeg,57
139.jpeg,29
140.jpeg,34
141.jpeg,72
142.jpeg,21
143.jpeg,2
144.jpeg,29
145.jpeg,72
146.jpeg,10
147.jpeg,6
148.jpeg,49
149.jpeg,32
150.jpeg,1
151.jpeg,64
152.jpeg,33
153.jpeg,9
154.jpeg,18
155.jpeg,37
156.jpeg,11
157.jpeg,39
158.jpeg,29
159.jpeg,17
160.jpeg,78
161.jpeg,32
162.jpeg,16
163.jpeg,88
164.jpeg,64
165.jpeg,97
166.jpeg,60
167.jpeg,42
168.jpeg,8
169.jpeg,40
170.jpeg,4
171.jpeg,20
172.jpeg,57
173.jpeg,74
174.jpeg,22
175.jpeg,58
176.jpeg,1
177.jpeg,15
178.jpeg,24
179.jpeg,15
180.jpeg,39
181.jpeg,19
182.jpeg,0
183.jpeg,14
184.jpeg,11
185.jpeg,22
186.jpeg,10
187.jpeg,48
188.jpeg,4
189.jpeg,73
190.jpeg,4
191.jpeg,52
192.jpeg,24
193.jpeg,24
194.jpeg,71
195.jpeg,55
196.jpeg,59
197.jpeg,64
198.jpeg,23
199.jpeg,68
200.jpeg,79
201.jpeg,90
202.jpeg,33
203.jpeg,55
204.jpeg,47
205.jpeg,10
206.jpeg,82
207.jpeg,5
208.jpeg,26
209.jpeg,17
210.jpeg,58
211.jpeg,97
212.jpeg,35
213.jpeg,74
214.jpeg,64
215.jpeg,46
216.jpeg,62
217.jpeg,99
218.jpeg,21
219.jpeg,39
220.jpeg,46
221.jpeg,33
222.jpeg,70
223.jpeg,56
224.jpeg,43
225.jpeg,41
226.jpeg,10
227.jpeg,57
228.jpeg,24
229.jpeg,86
230.jpeg,28
231.jpeg,91
232.jpeg,79
233.jpeg,58
234.jpeg,97
235.jpeg,49
236.jpeg,56
237.jpeg,41
238.jpeg,23
239.jpeg,78
240.jpeg,39
241.jpeg,11
242.jpeg,1
243.jpeg,87
244.jpeg,83
245.jpeg,67
246.jpeg,82
247.jpeg,0
248.jpeg,3
249.jpeg,54
250.jpeg,13
251.jpeg,98
252.jpeg,37
253.jpeg,86
254.jpeg,68
255.jpeg,7
256.jpeg,29
257.jpeg,80
258.jpeg,0
259.jpeg,20
260.jpeg,28
261.jpeg,61
262.jpeg,53
263.jpeg,63
264.jpeg,75
265.jpeg,38
266.jpeg,23
267.jpeg,67
268.jpeg,15
269.jpeg,38
270.jpeg,46
271.jpeg,91
272.jpeg,37
273.jpeg,91
274.jpeg,77
275.jpeg,45
276.jpeg,78
277.jpeg,14
278.jpeg,83
279.jpeg,15
280.jpeg,93
281.jpeg,45
282.jpeg,49
283.jpeg,23
284.jpeg,90
285.jpeg,70
286.jpeg,19
287.jpeg,77
288.jpeg,1
289.jpeg,64
290.jpeg,12
291.jpeg,59
292.jpeg,78
293.jpeg,35
294.jpeg,64
295.jpeg,62
296.jpeg,25
297.jpeg,57
298.jpeg,89
299.jpeg,27
300.jpeg,75
301.jpeg,83
302.jpeg,43
303.jpeg,15
304.jpeg,91
305.jpeg,54
306.jpeg,88
307.jpeg,73
308.jpeg,81
309.jpeg,63
310.jpeg,43
311.jpeg,17
312.jpeg,84
313.jpeg,70
314.jpeg,62
315.jpeg,62
316.jpeg,25
317.jpeg,88
318.jpeg,55
319.jpeg,86
320.jpeg,25
321.jpeg,18
322.jpeg,14
323.jpeg,34
324.jpeg,77
325.jpeg,35
326.jpeg,8
327.jpeg,87
328.jpeg,97
329.jpeg,91
330.jpeg,73
331.jpeg,12
332.jpeg,33
333.jpeg,98
334.jpeg,81
335.jpeg,81
336.jpeg,24
337.jpeg,20
338.jpeg,95
339.jpeg,91
340.jpeg,65
341.jpeg,82
342.jpeg,37
343.jpeg,51
344.jpeg,34
345.jpeg,9
346.jpeg,92
347.jpeg,95
348.jpeg,4
349.jpeg,6
350.jpeg,53
351.jpeg,15
352.jpeg,85
353.jpeg,17
354.jpeg,19
355.jpeg,20
356.jpeg,82
357.jpeg,75
358.jpeg,68
359.jpeg,37
360.jpeg,40
361.jpeg,79
362.jpeg,34
363.jpeg,58
364.jpeg,56
365.jpeg,53
366.jpeg,5
367.jpeg,42
368.jpeg,23
369.jpeg,37
370.jpeg,18
371.jpeg,97
372.jpeg,47
373.jpeg,68
374.jpeg,24
375.jpeg,76
376.jpeg,84
377.jpeg,77
378.jpeg,47
379.jpeg,74
380.jpeg,10
381.jpeg,8
382.jpeg,21
383.jpeg,81
384.jpeg,72
385.jpeg,51
386.jpeg,4
387.jpeg,85
388.jpeg,29
389.jpeg,30
390.jpeg,90
391.jpeg,31
392.jpeg,3
393.jpeg,13
394.jpeg,25
395.jpeg,1
396.jpeg,98
397.jpeg,15
398.jpeg,49
399.jpeg,13
400.jpeg,46
401.jpeg,31
402.jpeg,68
403.jpeg,53
404.jpeg,93
405.jpeg,21
406.jpeg,14
407.jpeg,14
408.jpeg,85
409.jpeg,2
410.jpeg,84
411.jpeg,0
412.jpeg,45
413.jpeg,56
414.jpeg,64
415.jpeg,77
416.jpeg,97
417.jpeg,32
418.jpeg,98
419.jpeg,68
420.jpeg,57
421.jpeg,10
422.jpeg,5
423.jpeg,54
424.jpeg,6
425.jpeg,13
426.jpeg,91
427.jpeg,24
428.jpeg,41
429.jpeg,50
430.jpeg,17
431.jpeg,60
432.jpeg,39
433.jpeg,31
434.jpeg,47
435.jpeg,66
436.jpeg,56
437.jpeg,32
438.jpeg,16
439.jpeg,68
440.jpeg,62
441.jpeg,19
442.jpeg,81
443.jpeg,58
444.jpeg,20
445.jpeg,58
446.jpeg,25
447.jpeg,85
448.jpeg,7
449.jpeg,1
450.jpeg,60
451.jpeg,10
452.jpeg,90
453.jpeg,7
454.jpeg,24
455.jpeg,73
456.jpeg,79
457.jpeg,30
458.jpeg,17
459.jpeg,62
460.jpeg,60
461.jpeg,93
462.jpeg,61
463.jpeg,32
464.jpeg,13
465.jpeg,90
466.jpeg,72
467.jpeg,32
468.jpeg,53
469.jpeg,43
470.jpeg,60
471.jpeg,45
472.jpeg,13
473.jpeg,22
474.jpeg,76
475.jpeg,0
476.jpeg,29
477.jpeg,97
478.jpeg,21
479.jpeg,98
480.jpeg,26
481.jpeg,13
482.jpeg,46
483.jpeg,93
484.jpeg,47
485.jpeg,91
486.jpeg,34
487.jpeg,67
488.jpeg,74
489.jpeg,98
490.jpeg,6
491.jpeg,74
492.jpeg,33
493.jpeg,44
494.jpeg,67
495.jpeg,41
496.jpeg,3
497.jpeg,61
498.jpeg,7
499.jpeg,77
500.jpeg,75
501.jpeg,46
502.jpeg,80
503.jpeg,97
504.jpeg,72
505.jpeg,86
506.jpeg,44
507.jpeg,67
508.jpeg,39
509.jpeg,76
510.jpeg,89
511.jpeg,89
512.jpeg,27
513.jpeg,81
514.jpeg,35
515.jpeg,71
516.jpeg,49
517.jpeg,7
518.jpeg,0
519.jpeg,94
520.jpeg,86
521.jpeg,18
522.jpeg,97
523.jpeg,76
524.jpeg,80
525.jpeg,7
526.jpeg,57
527.jpeg,16
528.jpeg,4
529.jpeg,39
530.jpeg,72
531.jpeg,81
532.jpeg,68
533.jpeg,99
534.jpeg,28
535.jpeg,37
536.jpeg,31
537.jpeg,18
538.jpeg,61
539.jpeg,27
540.jpeg,88
541.jpeg,82
542.jpeg,75
543.jpeg,19
544.jpeg,9
545.jpeg,97
546.jpeg,22
547.jpeg,49
548.jpeg,45
549.jpeg,67
550.jpeg,68
551.jpeg,36
552.jpeg,0
553.jpeg,23
554.jpeg,41
555.jpeg,76
556.jpeg,22
557.jpeg,99
558.jpeg,48
559.jpeg,44
560.jpeg,17
561.jpeg,65
562.jpeg,94
563.jpeg,31
564.jpeg,21
565.jpeg,95
566.jpeg,30
567.jpeg,52
568.jpeg,99
569.jpeg,64
570.jpeg,4
571.jpeg,19
572.jpeg,8
573.jpeg,31
574.jpeg,81
575.jpeg,30
576.jpeg,34
577.jpeg,75
578.jpeg,31
579.jpeg,3
580.jpeg,86
581.jpeg,68
582.jpeg,28
583.jpeg,91
584.jpeg,12
585.jpeg,85
586.jpeg,53
587.jpeg,73
588.jpeg,52
589.jpeg,12
590.jpeg,14
591.jpeg,8
592.jpeg,44
593.jpeg,39
594.jpeg,25
595.jpeg,69
596.jpeg,80
597.jpeg,5
598.jpeg,84
599.jpeg,12
600.jpeg,62
601.jpeg,66
602.jpeg,80
603.jpeg,4
604.jpeg,58
605.jpeg,18
606.jpeg,97
607.jpeg,9
608.jpeg,28
609.jpeg,34
610.jpeg,9
611.jpeg,13
612.jpeg,80
613.jpeg,43
614.jpeg,51
615.jpeg,47
616.jpeg,82
617.jpeg,3
618.jpeg,60
619.jpeg,12
620.jpeg,88
621.jpeg,8
622.jpeg,33
623.jpeg,62
624.jpeg,90
625.jpeg,1
626.jpeg,46
627.jpeg,39
628.jpeg,42
629.jpeg,72
630.jpeg,91
631.jpeg,62
632.jpeg,87
633.jpeg,10
634.jpeg,43
635.jpeg,40
636.jpeg,49
637.jpeg,46
638.jpeg,28
639.jpeg,18
640.jpeg,68
641.jpeg,76
642.jpeg,98
643.jpeg,57
644.jpeg,1
645.jpeg,28
646.jpeg,86
647.jpeg,36
648.jpeg,64
649.jpeg,24
650.jpeg,11
651.jpeg,36
652.jpeg,49
653.jpeg,55
654.jpeg,26
655.jpeg,47
656.jpeg,57
657.jpeg,46
658.jpeg,39
659.jpeg,0
660.jpeg,45
661.jpeg,35
662.jpeg,51
663.jpeg,21
664.jpeg,63
665.jpeg,22
666.jpeg,50
667.jpeg,45
668.jpeg,2
669.jpeg,15
670.jpeg,82
671.jpeg,71
672.jpeg,82
673.jpeg,25
674.jpeg,77
675.jpeg,73
676.jpeg,78
677.jpeg,5
678.jpeg,98
679.jpeg,22
680.jpeg,80
681.jpeg,5
682.jpeg,25
683.jpeg,20
684.jpeg,80
685.jpeg,47
686.jpeg,79
687.jpeg,56
688.jpeg,19
689.jpeg,72
690.jpeg,22
691.jpeg,2
692.jpeg,58
693.jpeg,80
694.jpeg,79
695.jpeg,54
696.jpeg,72
697.jpeg,60
698.jpeg,15
699.jpeg,49
700.jpeg,6
701.jpeg,63
702.jpeg,80
703.jpeg,5
704.jpeg,32
705.jpeg,45
706.jpeg,56
707.jpeg,43
708.jpeg,50
709.jpeg,54
710.jpeg,69
711.jpeg,69
712.jpeg,13
713.jpeg,2
714.jpeg,47
715.jpeg,91
716.jpeg,47
717.jpeg,24
718.jpeg,44
719.jpeg,88
720.jpeg,20
721.jpeg,31
722.jpeg,68
723.jpeg,19
724.jpeg,71
725.jpeg,13
726.jpeg,35
727.jpeg,88
728.jpeg,83
729.jpeg,45
730.jpeg,54
731.jpeg,85
732.jpeg,48
733.jpeg,8
734.jpeg,40
735.jpeg,85
736.jpeg,25
737.jpeg,15
738.jpeg,92
739.jpeg,34
740.jpeg,9
741.jpeg,17
742.jpeg,85
743.jpeg,93
744.jpeg,4
745.jpeg,41
746.jpeg,97
747.jpeg,79
748.jpeg,41
749.jpeg,24
750.jpeg,19
751.jpeg,9
752.jpeg,24
753.jpeg,52
754.jpeg,55
755.jpeg,32
756.jpeg,44
757.jpeg,30
758.jpeg,15
759.jpeg,28
760.jpeg,27
761.jpeg,87
762.jpeg,62
763.jpeg,78
764.jpeg,80
765.jpeg,60
766.jpeg,14
767.jpeg,17
768.jpeg,24
769.jpeg,22
770.jpeg,32
771.jpeg,13
772.jpeg,17
773.jpeg,33
774.jpeg,60
775.jpeg,53
776.jpeg,44
777.jpeg,32
778.jpeg,79
779.jpeg,98
780.jpeg,59
781.jpeg,50
782.jpeg,71
783.jpeg,65
784.jpeg,54
785.jpeg,84
786.jpeg,47
787.jpeg,74
788.jpeg,5
789.jpeg,94
790.jpeg,86
791.jpeg,47
792.jpeg,98
793.jpeg,52
794.jpeg,69
795.jpeg,19
796.jpeg,68
797.jpeg,87
798.jpeg,82
799.jpeg,7
800.jpeg,86
801.jpeg,92
802.jpeg,41
803.jpeg,2
804.jpeg,76
805.jpeg,92
806.jpeg,22
807.jpeg,49
808.jpeg,41
809.jpeg,17
810.jpeg,62
811.jpeg,35
812.jpeg,78
813.jpeg,10
814.jpeg,38
815.jpeg,62
816.jpeg,72
817.jpeg,56
818.jpeg,78
819.jpeg,45
820.jpeg,91
821.jpeg,43
822.jpeg,12
823.jpeg,8
824.jpeg,94
825.jpeg,65
826.jpeg,21
827.jpeg,5
828.jpeg,90
829.jpeg,12
830.jpeg,35
831.jpeg,45
832.jpeg,47
833.jpeg,19
834.jpeg,92
835.jpeg,21
836.jpeg,98
837.jpeg,8
838.jpeg,82
839.jpeg,57
840.jpeg,43
841.jpeg,20
842.jpeg,38
843.jpeg,43
844.jpeg,47
845.jpeg,2
846.jpeg,0
847.jpeg,75
848.jpeg,31
849.jpeg,98
850.jpeg,68
851.jpeg,94
852.jpeg,35
853.jpeg,33
854.jpeg,93
855.jpeg,76
856.jpeg,72
857.jpeg,47
858.jpeg,88
859.jpeg,70
860.jpeg,77
861.jpeg,36
862.jpeg,34
863.jpeg,13
864.jpeg,13
865.jpeg,79
866.jpeg,24
867.jpeg,32
868.jpeg,15
869.jpeg,73
870.jpeg,50
871.jpeg,47
872.jpeg,3
873.jpeg,77
874.jpeg,84
875.jpeg,25
876.jpeg,41
877.jpeg,76
878.jpeg,51
879.jpeg,53
880.jpeg,10
881.jpeg,18
882.jpeg,62
883.jpeg,76
884.jpeg,80
885.jpeg,7
886.jpeg,24
887.jpeg,39
888.jpeg,74
889.jpeg,24
890.jpeg,79
891.jpeg,72
892.jpeg,88
893.jpeg,71
894.jpeg,53
895.jpeg,39
896.jpeg,70
897.jpeg,15
898.jpeg,54
899.jpeg,95
900.jpeg,12
901.jpeg,0
902.jpeg,23
903.jpeg,68
904.jpeg,3
905.jpeg,31
906.jpeg,92
907.jpeg,26
908.jpeg,69
909.jpeg,46
910.jpeg,77
911.jpeg,10
912.jpeg,44
913.jpeg,29
914.jpeg,94
915.jpeg,42
916.jpeg,47
917.jpeg,48
918.jpeg,28
919.jpeg,70
920.jpeg,60
921.jpeg,23
922.jpeg,30
923.jpeg,23
924.jpeg,58
925.jpeg,32
926.jpeg,98
927.jpeg,77
928.jpeg,58
929.jpeg,18
930.jpeg,76
931.jpeg,35
932.jpeg,47
933.jpeg,61
934.jpeg,79
935.jpeg,69
936.jpeg,62
937.jpeg,24
938.jpeg,24
939.jpeg,34
940.jpeg,55
941.jpeg,87
942.jpeg,1
943.jpeg,68
944.jpeg,53
945.jpeg,73
946.jpeg,44
947.jpeg,99
948.jpeg,0
949.jpeg,98
950.jpeg,98
951.jpeg,87
952.jpeg,91
953.jpeg,83
954.jpeg,62
955.jpeg,64
956.jpeg,68
957.jpeg,91
958.jpeg,79
959.jpeg,1
960.jpeg,73
961.jpeg,16
962.jpeg,51
963.jpeg,58
964.jpeg,49
965.jpeg,27
966.jpeg,82
967.jpeg,99
968.jpeg,16
969.jpeg,8
970.jpeg,45
971.jpeg,35
972.jpeg,81
973.jpeg,13
974.jpeg,71
975.jpeg,85
976.jpeg,4
977.jpeg,98
978.jpeg,22
979.jpeg,67
980.jpeg,88
981.jpeg,72
982.jpeg,35
983.jpeg,3
984.jpeg,39
985.jpeg,55
986.jpeg,60
987.jpeg,97
988.jpeg,44
989.jpeg,86
990.jpeg,97
991.jpeg,11
992.jpeg,98
993.jpeg,35
994.jpeg,14
995.jpeg,5
996.jpeg,21
997.jpeg,17
998.jpeg,15
999.jpeg,83
1000.jpeg,39
1001.jpeg,23
1002.jpeg,9
1003.jpeg,17
1004.jpeg,82
1005.jpeg,39
1006.jpeg,42
1007.jpeg,87
1008.jpeg,32
1009.jpeg,97
1010.jpeg,3
1011.jpeg,77
1012.jpeg,36
1013.jpeg,8
1014.jpeg,28
1015.jpeg,41
1016.jpeg,73
1017.jpeg,16
1018.jpeg,91
1019.jpeg,90
1020.jpeg,22
1021.jpeg,41
1022.jpeg,75
1023.jpeg,62
1024.jpeg,68
1025.jpeg,13
1026.jpeg,77
1027.jpeg,70
1028.jpeg,65
1029.jpeg,34
1030.jpeg,19
1031.jpeg,36
1032.jpeg,53
1033.jpeg,94
1034.jpeg,71
1035.jpeg,78
1036.jpeg,45
1037.jpeg,80
1038.jpeg,65
1039.jpeg,22
1040.jpeg,61
1041.jpeg,62
1042.jpeg,97
1043.jpeg,20
1044.jpeg,47
1045.jpeg,55
1046.jpeg,84
1047.jpeg,35
1048.jpeg,74
1049.jpeg,21
1050.jpeg,56
1051.jpeg,35
1052.jpeg,97
1053.jpeg,24
1054.jpeg,24
1055.jpeg,16
1056.jpeg,11
1057.jpeg,27
1058.jpeg,11
1059.jpeg,32
1060.jpeg,10
1061.jpeg,32
1062.jpeg,15
1063.jpeg,6
1064.jpeg,41
1065.jpeg,52
1066.jpeg,42
1067.jpeg,3
1068.jpeg,96
1069.jpeg,19
1070.jpeg,56
1071.jpeg,44
1072.jpeg,63
1073.jpeg,41
1074.jpeg,42
1075.jpeg,87
1076.jpeg,13
1077.jpeg,14
1078.jpeg,45
1079.jpeg,68
1080.jpeg,35
1081.jpeg,60
1082.jpeg,22
1083.jpeg,65
1084.jpeg,9
1085.jpeg,16
1086.jpeg,85
1087.jpeg,80
1088.jpeg,29
1089.jpeg,24
1090.jpeg,6
1091.jpeg,57
1092.jpeg,11
1093.jpeg,8
1094.jpeg,0
1095.jpeg,63
1096.jpeg,28
1097.jpeg,43
1098.jpeg,98
1099.jpeg,45
1100.jpeg,34
1101.jpeg,12
1102.jpeg,94
1103.jpeg,55
1104.jpeg,69
1105.jpeg,70
1106.jpeg,60
1107.jpeg,22
1108.jpeg,0
1109.jpeg,4
1110.jpeg,81
1111.jpeg,6
1112.jpeg,68
1113.jpeg,67
1114.jpeg,6
1115.jpeg,90
1116.jpeg,97
1117.jpeg,68
1118.jpeg,30
1119.jpeg,40
1120.jpeg,81
1121.jpeg,49
1122.jpeg,19
1123.jpeg,21
1124.jpeg,22
1125.jpeg,65
1126.jpeg,46
1127.jpeg,53
1128.jpeg,62
1129.jpeg,26
1130.jpeg,11
1131.jpeg,26
1132.jpeg,11
1133.jpeg,61
1134.jpeg,47
1135.jpeg,95
1136.jpeg,4
1137.jpeg,15
1138.jpeg,68
1139.jpeg,12
1140.jpeg,45
1141.jpeg,47
1142.jpeg,6
1143.jpeg,72
1144.jpeg,76
1145.jpeg,1
1146.jpeg,48
1147.jpeg,29
1148.jpeg,45
1149.jpeg,24
1150.jpeg,87
1151.jpeg,3
1152.jpeg,44
1153.jpeg,45
1154.jpeg,11
1155.jpeg,3
1156.jpeg,11
1157.jpeg,28
1158.jpeg,31
1159.jpeg,61
1160.jpeg,37
1161.jpeg,25
1162.jpeg,53
1163.jpeg,30
1164.jpeg,95
1165.jpeg,12
1166.jpeg,53
1167.jpeg,58
1168.jpeg,46
1169.jpeg,59
1170.jpeg,28
1171.jpeg,44
1172.jpeg,62
1173.jpeg,21
1174.jpeg,37
1175.jpeg,50
1176.jpeg,0
1177.jpeg,46
1178.jpeg,47
1179.jpeg,39
1180.jpeg,32
1181.jpeg,92
1182.jpeg,32
1183.jpeg,76
1184.jpeg,34
1185.jpeg,65
1186.jpeg,60
1187.jpeg,34
1188.jpeg,13
1189.jpeg,3
1190.jpeg,29
1191.jpeg,48
1192.jpeg,31
1193.jpeg,63
1194.jpeg,9
1195.jpeg,94
1196.jpeg,71
1197.jpeg,39
1198.jpeg,43
1199.jpeg,31
1200.jpeg,58
1201.jpeg,54
1202.jpeg,73
1203.jpeg,12
1204.jpeg,94
1205.jpeg,14
1206.jpeg,32
1207.jpeg,35
1208.jpeg,32
1209.jpeg,53
1210.jpeg,77
1211.jpeg,40
1212.jpeg,16
1213.jpeg,95
1214.jpeg,45
1215.jpeg,12
1216.jpeg,2
1217.jpeg,25
1218.jpeg,5
1219.jpeg,94
1220.jpeg,15
1221.jpeg,34
1222.jpeg,77
1223.jpeg,66
1224.jpeg,79
1225.jpeg,90
1226.jpeg,44
1227.jpeg,77
1228.jpeg,99
1229.jpeg,70
1230.jpeg,15
1231.jpeg,48
1232.jpeg,54
1233.jpeg,35
1234.jpeg,3
1235.jpeg,55
1236.jpeg,53
1237.jpeg,38
1238.jpeg,42
1239.jpeg,65
1240.jpeg,70
1241.jpeg,0
1242.jpeg,80
1243.jpeg,73
1244.jpeg,24
1245.jpeg,72
1246.jpeg,73
1247.jpeg,21
1248.jpeg,37
1249.jpeg,33
1250.jpeg,11
1251.jpeg,7
1252.jpeg,56
1253.jpeg,98
1254.jpeg,22
1255.jpeg,16
1256.jpeg,42
1257.jpeg,88
1258.jpeg,37
1259.jpeg,41
1260.jpeg,70
1261.jpeg,95
1262.jpeg,12
1263.jpeg,74
1264.jpeg,56
1265.jpeg,77
1266.jpeg,47
1267.jpeg,20
1268.jpeg,73
1269.jpeg,82
1270.jpeg,30
1271.jpeg,89
1272.jpeg,47
1273.jpeg,54
1274.jpeg,77
1275.jpeg,83
1276.jpeg,12
1277.jpeg,41
1278.jpeg,14
1279.jpeg,54
1280.jpeg,35
1281.jpeg,22
1282.jpeg,42
1283.jpeg,32
1284.jpeg,86
1285.jpeg,23
1286.jpeg,77
1287.jpeg,40
1288.jpeg,52
1289.jpeg,80
1290.jpeg,84
1291.jpeg,45
1292.jpeg,79
1293.jpeg,38
1294.jpeg,90
1295.jpeg,83
1296.jpeg,40
1297.jpeg,54
1298.jpeg,16
1299.jpeg,78
1300.jpeg,86
1301.jpeg,46
1302.jpeg,53
1303.jpeg,29
1304.jpeg,8
1305.jpeg,43
1306.jpeg,66
1307.jpeg,86
1308.jpeg,12
1309.jpeg,40
1310.jpeg,42
1311.jpeg,50
1312.jpeg,77
1313.jpeg,57
1314.jpeg,36
1315.jpeg,22
1316.jpeg,74
1317.jpeg,28
1318.jpeg,29
1319.jpeg,8
1320.jpeg,23
1321.jpeg,26
1322.jpeg,73
1323.jpeg,39
1324.jpeg,58
1325.jpeg,61
1326.jpeg,1
1327.jpeg,57
1328.jpeg,11
1329.jpeg,88
1330.jpeg,36
1331.jpeg,82
1332.jpeg,80
1333.jpeg,6
1334.jpeg,74
1335.jpeg,48
1336.jpeg,94
1337.jpeg,15
1338.jpeg,51
1339.jpeg,67
1340.jpeg,97
1341.jpeg,19
1342.jpeg,92
1343.jpeg,34
1344.jpeg,80
1345.jpeg,98
1346.jpeg,58
1347.jpeg,25
1348.jpeg,34
1349.jpeg,99
1350.jpeg,3
1351.jpeg,35
1352.jpeg,27
1353.jpeg,72
1354.jpeg,83
1355.jpeg,12
1356.jpeg,91
1357.jpeg,65
1358.jpeg,90
1359.jpeg,84
1360.jpeg,84
1361.jpeg,42
1362.jpeg,47
1363.jpeg,81
1364.jpeg,8
1365.jpeg,74
1366.jpeg,57
1367.jpeg,34
1368.jpeg,97
1369.jpeg,6
1370.jpeg,92
1371.jpeg,41
1372.jpeg,17
1373.jpeg,10
1374.jpeg,43
1375.jpeg,68
1376.jpeg,31
1377.jpeg,22
1378.jpeg,24
1379.jpeg,42
1380.jpeg,28
1381.jpeg,9
1382.jpeg,67
1383.jpeg,25
1384.jpeg,79
1385.jpeg,36
1386.jpeg,6
1387.jpeg,80
1388.jpeg,62
1389.jpeg,28
1390.jpeg,17
1391.jpeg,28
1392.jpeg,41
1393.jpeg,99
1394.jpeg,77
1395.jpeg,8
1396.jpeg,22
1397.jpeg,94
1398.jpeg,70
1399.jpeg,11
1400.jpeg,49
1401.jpeg,15
1402.jpeg,47
1403.jpeg,84
1404.jpeg,70
1405.jpeg,22
1406.jpeg,22
1407.jpeg,55
1408.jpeg,28
1409.jpeg,18
1410.jpeg,57
1411.jpeg,14
1412.jpeg,23
1413.jpeg,24
1414.jpeg,21
1415.jpeg,84
1416.jpeg,88
1417.jpeg,22
1418.jpeg,15
1419.jpeg,0
1420.jpeg,32
1421.jpeg,12
1422.jpeg,77
1423.jpeg,16
1424.jpeg,79
1425.jpeg,61
1426.jpeg,13
1427.jpeg,79
1428.jpeg,89
1429.jpeg,10
1430.jpeg,72
1431.jpeg,20
1432.jpeg,59
1433.jpeg,79
1434.jpeg,41
1435.jpeg,77
1436.jpeg,4
1437.jpeg,16
1438.jpeg,78
1439.jpeg,3
1440.jpeg,74
1441.jpeg,65
1442.jpeg,28
1443.jpeg,8
1444.jpeg,69
1445.jpeg,32
1446.jpeg,11
1447.jpeg,35
1448.jpeg,57
1449.jpeg,44
1450.jpeg,12
1451.jpeg,53
1452.jpeg,43
1453.jpeg,98
1454.jpeg,28
1455.jpeg,47
1456.jpeg,2
1457.jpeg,52
1458.jpeg,63
1459.jpeg,35
1460.jpeg,97
1461.jpeg,16
1462.jpeg,94
1463.jpeg,0
1464.jpeg,77
1465.jpeg,21
1466.jpeg,95
1467.jpeg,52
1468.jpeg,14
1469.jpeg,7
1470.jpeg,28
1471.jpeg,38
1472.jpeg,98
1473.jpeg,66
1474.jpeg,69
1475.jpeg,38
1476.jpeg,88
1477.jpeg,87
1478.jpeg,94
1479.jpeg,59
1480.jpeg,62
1481.jpeg,17
1482.jpeg,41
1483.jpeg,57
1484.jpeg,44
1485.jpeg,83
1486.jpeg,71
1487.jpeg,12
1488.jpeg,53
1489.jpeg,69
1490.jpeg,73
1491.jpeg,27
1492.jpeg,1
1493.jpeg,24
1494.jpeg,97
1495.jpeg,76
1496.jpeg,38
1497.jpeg,14
1498.jpeg,58
1499.jpeg,6
1500.jpeg,16
1501.jpeg,59
1502.jpeg,10
1503.jpeg,79
1504.jpeg,33
1505.jpeg,55
1506.jpeg,38
1507.jpeg,55
1508.jpeg,77
1509.jpeg,17
1510.jpeg,61
1511.jpeg,19
1512.jpeg,20
1513.jpeg,67
1514.jpeg,77
1515.jpeg,35
1516.jpeg,21
1517.jpeg,58
1518.jpeg,35
1519.jpeg,44
1520.jpeg,91
1521.jpeg,27
1522.jpeg,81
1523.jpeg,60
1524.jpeg,36
1525.jpeg,71
1526.jpeg,5
1527.jpeg,25
1528.jpeg,28
1529.jpeg,83
1530.jpeg,23
1531.jpeg,45
1532.jpeg,39
1533.jpeg,22
1534.jpeg,13
1535.jpeg,36
1536.jpeg,64
1537.jpeg,17
1538.jpeg,76
1539.jpeg,66
1540.jpeg,8
1541.jpeg,28
1542.jpeg,17
1543.jpeg,39
1544.jpeg,39
1545.jpeg,98
1546.jpeg,34
1547.jpeg,58
1548.jpeg,54
1549.jpeg,91
1550.jpeg,22
1551.jpeg,63
1552.jpeg,39
1553.jpeg,51
1554.jpeg,49
1555.jpeg,34
1556.jpeg,28
1557.jpeg,19
1558.jpeg,25
1559.jpeg,86
1560.jpeg,5
1561.jpeg,72
1562.jpeg,38
1563.jpeg,97
1564.jpeg,56
1565.jpeg,28
1566.jpeg,65
1567.jpeg,39
1568.jpeg,76
1569.jpeg,65
1570.jpeg,22
1571.jpeg,36
1572.jpeg,82
1573.jpeg,64
1574.jpeg,42
1575.jpeg,77
1576.jpeg,87
1577.jpeg,48
1578.jpeg,52
1579.jpeg,23
1580.jpeg,73
1581.jpeg,74
1582.jpeg,38
1583.jpeg,28
1584.jpeg,49
1585.jpeg,55
1586.jpeg,47
1587.jpeg,77
1588.jpeg,33
1589.jpeg,25
1590.jpeg,11
1591.jpeg,6
1592.jpeg,57
1593.jpeg,63
1594.jpeg,44
1595.jpeg,41
1596.jpeg,63
1597.jpeg,31
1598.jpeg,19
1599.jpeg,28
1600.jpeg,27
1601.jpeg,39
1602.jpeg,97
1603.jpeg,90
1604.jpeg,78
1605.jpeg,73
1606.jpeg,1
1607.jpeg,29
1608.jpeg,10
1609.jpeg,45
1610.jpeg,13
1611.jpeg,54
1612.jpeg,25
1613.jpeg,83
1614.jpeg,45
1615.jpeg,65
1616.jpeg,58
1617.jpeg,61
1618.jpeg,25
1619.jpeg,50
1620.jpeg,41
1621.jpeg,12
1622.jpeg,44
1623.jpeg,34
1624.jpeg,47
1625.jpeg,24
1626.jpeg,36
1627.jpeg,24
1628.jpeg,45
1629.jpeg,7
1630.jpeg,22
1631.jpeg,66
1632.jpeg,17
1633.jpeg,81
1634.jpeg,50
1635.jpeg,30
1636.jpeg,45
1637.jpeg,24
1638.jpeg,22
1639.jpeg,99
1640.jpeg,85
1641.jpeg,98
1642.jpeg,8
1643.jpeg,19
1644.jpeg,64
1645.jpeg,37
1646.jpeg,50
1647.jpeg,32
1648.jpeg,30
1649.jpeg,94
1650.jpeg,88
1651.jpeg,66
1652.jpeg,40
1653.jpeg,27
1654.jpeg,45
1655.jpeg,10
1656.jpeg,35
1657.jpeg,81
1658.jpeg,24
1659.jpeg,83
1660.jpeg,1
1661.jpeg,22
1662.jpeg,22
1663.jpeg,36
1664.jpeg,17
1665.jpeg,46
1666.jpeg,0
1667.jpeg,33
1668.jpeg,40
1669.jpeg,53
1670.jpeg,23
1671.jpeg,57
1672.jpeg,83
1673.jpeg,51
1674.jpeg,5
1675.jpeg,74
1676.jpeg,24
1677.jpeg,38
1678.jpeg,20
1679.jpeg,98
1680.jpeg,41
1681.jpeg,39
1682.jpeg,38
1683.jpeg,65
1684.jpeg,6
1685.jpeg,46
1686.jpeg,85
1687.jpeg,91
1688.jpeg,64
1689.jpeg,23
1690.jpeg,32
1691.jpeg,55
1692.jpeg,43
1693.jpeg,6
1694.jpeg,19
1695.jpeg,46
1696.jpeg,83
1697.jpeg,14
1698.jpeg,23
1699.jpeg,81
1700.jpeg,64
1701.jpeg,42
1702.jpeg,30
1703.jpeg,74
1704.jpeg,62
1705.jpeg,68
1706.jpeg,1
1707.jpeg,84
1708.jpeg,91
1709.jpeg,54
1710.jpeg,71
1711.jpeg,45
1712.jpeg,5
1713.jpeg,5
1714.jpeg,39
1715.jpeg,3
1716.jpeg,84
1717.jpeg,85
1718.jpeg,91
1719.jpeg,78
1720.jpeg,85
1721.jpeg,94
1722.jpeg,47
1723.jpeg,53
1724.jpeg,19
1725.jpeg,67
1726.jpeg,39
1727.jpeg,52
1728.jpeg,53
1729.jpeg,50
1730.jpeg,43
1731.jpeg,58
1732.jpeg,98
1733.jpeg,67
1734.jpeg,63
1735.jpeg,66
1736.jpeg,66
1737.jpeg,64
1738.jpeg,12
1739.jpeg,6
1740.jpeg,27
1741.jpeg,2
1742.jpeg,25
1743.jpeg,61
1744.jpeg,7
1745.jpeg,55
1746.jpeg,83
1747.jpeg,12
1748.jpeg,16
1749.jpeg,39
1750.jpeg,65
1751.jpeg,9
1752.jpeg,61
1753.jpeg,34
1754.jpeg,30
1755.jpeg,78
1756.jpeg,12
1757.jpeg,49
1758.jpeg,61
1759.jpeg,40
1760.jpeg,98
1761.jpeg,31
1762.jpeg,46
1763.jpeg,53
1764.jpeg,80
1765.jpeg,36
1766.jpeg,26
1767.jpeg,61
1768.jpeg,20
1769.jpeg,86
1770.jpeg,39
1771.jpeg,62
1772.jpeg,62
1773.jpeg,31
1774.jpeg,14
1775.jpeg,21
1776.jpeg,60
1777.jpeg,80
1778.jpeg,17
1779.jpeg,16
1780.jpeg,86
1781.jpeg,81
1782.jpeg,52
1783.jpeg,3
1784.jpeg,52
1785.jpeg,51
1786.jpeg,87
1787.jpeg,49
1788.jpeg,8
1789.jpeg,80
1790.jpeg,98
1791.jpeg,35
1792.jpeg,94
1793.jpeg,36
1794.jpeg,40
1795.jpeg,48
1796.jpeg,78
1797.jpeg,47
1798.jpeg,14
1799.jpeg,18
1800.jpeg,41
1801.jpeg,62
1802.jpeg,33
1803.jpeg,65
1804.jpeg,63
1805.jpeg,91
1806.jpeg,38
1807.jpeg,24
1808.jpeg,16
1809.jpeg,10
1810.jpeg,0
1811.jpeg,10
1812.jpeg,51
1813.jpeg,35
1814.jpeg,55
1815.jpeg,50
1816.jpeg,1
1817.jpeg,55
1818.jpeg,17
1819.jpeg,5
1820.jpeg,37
1821.jpeg,4
1822.jpeg,21
1823.jpeg,56
1824.jpeg,34
1825.jpeg,12
1826.jpeg,55
1827.jpeg,28
1828.jpeg,58
1829.jpeg,56
1830.jpeg,9
1831.jpeg,44
1832.jpeg,84
1833.jpeg,67
1834.jpeg,33
1835.jpeg,15
1836.jpeg,89
1837.jpeg,64
1838.jpeg,38
1839.jpeg,3
1840.jpeg,83
1841.jpeg,50
1842.jpeg,32
1843.jpeg,12
1844.jpeg,71
1845.jpeg,74
1846.jpeg,0
1847.jpeg,51
1848.jpeg,50
1849.jpeg,27
1850.jpeg,41
1851.jpeg,83
1852.jpeg,20
1853.jpeg,35
1854.jpeg,49
1855.jpeg,5
1856.jpeg,40
1857.jpeg,25
1858.jpeg,67
1859.jpeg,27
1860.jpeg,52
1861.jpeg,51
1862.jpeg,64
1863.jpeg,12
1864.jpeg,86
1865.jpeg,38
1866.jpeg,56
1867.jpeg,15
1868.jpeg,1
1869.jpeg,49
1870.jpeg,43
1871.jpeg,98
1872.jpeg,38
1873.jpeg,48
1874.jpeg,10
1875.jpeg,17
1876.jpeg,6
1877.jpeg,23
1878.jpeg,92
1879.jpeg,51
1880.jpeg,41
1881.jpeg,76
1882.jpeg,37
1883.jpeg,8
1884.jpeg,55
1885.jpeg,52
1886.jpeg,78
1887.jpeg,35
1888.jpeg,40
1889.jpeg,32
1890.jpeg,51
1891.jpeg,33
1892.jpeg,21
1893.jpeg,23
1894.jpeg,36
1895.jpeg,26
1896.jpeg,71
1897.jpeg,8
1898.jpeg,40
1899.jpeg,9
1900.jpeg,46
1901.jpeg,22
1902.jpeg,43
1903.jpeg,47
1904.jpeg,35
1905.jpeg,70
1906.jpeg,99
1907.jpeg,81
1908.jpeg,38
1909.jpeg,49
1910.jpeg,46
1911.jpeg,29
1912.jpeg,99
1913.jpeg,90
1914.jpeg,58
1915.jpeg,65
1916.jpeg,53
1917.jpeg,16
1918.jpeg,79
1919.jpeg,65
1920.jpeg,85
1921.jpeg,64
1922.jpeg,55
1923.jpeg,99
1924.jpeg,34
1925.jpeg,34
1926.jpeg,0
1927.jpeg,45
1928.jpeg,19
1929.jpeg,26
1930.jpeg,17
1931.jpeg,61
1932.jpeg,84
1933.jpeg,33
1934.jpeg,77
1935.jpeg,59
1936.jpeg,59
1937.jpeg,93
1938.jpeg,98
1939.jpeg,46
1940.jpeg,38
1941.jpeg,41
1942.jpeg,51
1943.jpeg,47
1944.jpeg,3
1945.jpeg,46
1946.jpeg,13
1947.jpeg,12
1948.jpeg,29
1949.jpeg,0
1950.jpeg,47
1951.jpeg,78
1952.jpeg,8
1953.jpeg,7
1954.jpeg,17
1955.jpeg,52
1956.jpeg,72
1957.jpeg,20
1958.jpeg,15
1959.jpeg,76
1960.jpeg,31
1961.jpeg,43
1962.jpeg,56
1963.jpeg,32
1964.jpeg,70
1965.jpeg,32
1966.jpeg,43
1967.jpeg,49
1968.jpeg,20
1969.jpeg,65
1970.jpeg,19
1971.jpeg,26
1972.jpeg,9
1973.jpeg,71
1974.jpeg,36
1975.jpeg,91
1976.jpeg,41
1977.jpeg,47
1978.jpeg,16
1979.jpeg,43
1980.jpeg,7
1981.jpeg,98
1982.jpeg,23
1983.jpeg,11
1984.jpeg,29
1985.jpeg,14
1986.jpeg,50
1987.jpeg,10
1988.jpeg,59
1989.jpeg,43
1990.jpeg,70
1991.jpeg,89
1992.jpeg,22
1993.jpeg,87
1994.jpeg,98
1995.jpeg,77
1996.jpeg,95
1997.jpeg,18
1998.jpeg,81
1999.jpeg,35
2000.jpeg,2
2001.jpeg,68
2002.jpeg,84
2003.jpeg,40
2004.jpeg,1
2005.jpeg,14
2006.jpeg,3
2007.jpeg,46
2008.jpeg,42
2009.jpeg,69
2010.jpeg,59
2011.jpeg,98
2012.jpeg,76
2013.jpeg,99
2014.jpeg,81
2015.jpeg,67
2016.jpeg,7
2017.jpeg,40
2018.jpeg,29
2019.jpeg,23
2020.jpeg,94
2021.jpeg,29
2022.jpeg,43
2023.jpeg,78
2024.jpeg,9
2025.jpeg,35
2026.jpeg,46
2027.jpeg,46
2028.jpeg,15
2029.jpeg,52
2030.jpeg,12
2031.jpeg,2
2032.jpeg,98
2033.jpeg,0
2034.jpeg,54
2035.jpeg,47
2036.jpeg,51
2037.jpeg,36
2038.jpeg,73
2039.jpeg,92
2040.jpeg,38
2041.jpeg,3
2042.jpeg,87
2043.jpeg,85
2044.jpeg,48
2045.jpeg,43
2046.jpeg,38
2047.jpeg,40
2048.jpeg,23
2049.jpeg,36
2050.jpeg,16
2051.jpeg,9
2052.jpeg,27
2053.jpeg,87
2054.jpeg,38
2055.jpeg,32
2056.jpeg,78
2057.jpeg,73
2058.jpeg,22
2059.jpeg,22
2060.jpeg,98
2061.jpeg,64
2062.jpeg,6
2063.jpeg,63
2064.jpeg,82
2065.jpeg,41
2066.jpeg,57
2067.jpeg,85
2068.jpeg,62
2069.jpeg,4
2070.jpeg,29
2071.jpeg,93
2072.jpeg,97
2073.jpeg,0
2074.jpeg,89
2075.jpeg,5
2076.jpeg,67
2077.jpeg,47
2078.jpeg,48
2079.jpeg,83
2080.jpeg,0
2081.jpeg,38
2082.jpeg,22
2083.jpeg,75
2084.jpeg,47
2085.jpeg,97
2086.jpeg,86
2087.jpeg,72
2088.jpeg,54
2089.jpeg,1
2090.jpeg,45
2091.jpeg,69
2092.jpeg,72
2093.jpeg,84
2094.jpeg,66
2095.jpeg,8
2096.jpeg,26
2097.jpeg,23
2098.jpeg,23
2099.jpeg,80
2100.jpeg,38
2101.jpeg,54
2102.jpeg,63
2103.jpeg,55
2104.jpeg,33
2105.jpeg,24
2106.jpeg,82
2107.jpeg,46
2108.jpeg,75
2109.jpeg,37
2110.jpeg,72
2111.jpeg,4
2112.jpeg,93
2113.jpeg,52
2114.jpeg,16
2115.jpeg,77
2116.jpeg,59
2117.jpeg,21
2118.jpeg,42
2119.jpeg,77
2120.jpeg,10
2121.jpeg,77
2122.jpeg,53
2123.jpeg,42
2124.jpeg,30
2125.jpeg,70
2126.jpeg,67
2127.jpeg,40
2128.jpeg,69
2129.jpeg,78
2130.jpeg,44
2131.jpeg,37
2132.jpeg,16
2133.jpeg,71
2134.jpeg,73
2135.jpeg,37
2136.jpeg,94
2137.jpeg,38
2138.jpeg,67
2139.jpeg,94
2140.jpeg,78
2141.jpeg,8
2142.jpeg,22
2143.jpeg,14
2144.jpeg,21
2145.jpeg,59
2146.jpeg,38
2147.jpeg,14
2148.jpeg,97
2149.jpeg,23
2150.jpeg,30
2151.jpeg,61
2152.jpeg,68
2153.jpeg,37
2154.jpeg,13
2155.jpeg,44
2156.jpeg,5
2157.jpeg,70
2158.jpeg,30
2159.jpeg,22
2160.jpeg,42
2161.jpeg,60
2162.jpeg,49
2163.jpeg,76
2164.jpeg,81
2165.jpeg,61
2166.jpeg,31
2167.jpeg,41
2168.jpeg,86
2169.jpeg,41
2170.jpeg,16
2171.jpeg,26
2172.jpeg,31
2173.jpeg,95
2174.jpeg,94
2175.jpeg,89
2176.jpeg,10
2177.jpeg,23
2178.jpeg,47
2179.jpeg,14
2180.jpeg,82
2181.jpeg,23
2182.jpeg,83
2183.jpeg,50
2184.jpeg,44
2185.jpeg,25
2186.jpeg,94
2187.jpeg,40
2188.jpeg,62
2189.jpeg,20
2190.jpeg,56
2191.jpeg,25
2192.jpeg,17
2193.jpeg,79
2194.jpeg,70
2195.jpeg,19
2196.jpeg,76
2197.jpeg,68
2198.jpeg,4
2199.jpeg,12
2200.jpeg,39
2201.jpeg,81
2202.jpeg,23
2203.jpeg,16
2204.jpeg,98
2205.jpeg,6
2206.jpeg,14
2207.jpeg,74
2208.jpeg,58
2209.jpeg,80
2210.jpeg,65
2211.jpeg,12
2212.jpeg,29
2213.jpeg,71
2214.jpeg,55
2215.jpeg,68
2216.jpeg,9
2217.jpeg,94
2218.jpeg,2
2219.jpeg,13
2220.jpeg,7
2221.jpeg,60
2222.jpeg,3
2223.jpeg,18
2224.jpeg,26
2225.jpeg,73
2226.jpeg,56
2227.jpeg,98
2228.jpeg,5
2229.jpeg,79
2230.jpeg,90
2231.jpeg,71
2232.jpeg,42
2233.jpeg,15
2234.jpeg,38
2235.jpeg,92
2236.jpeg,73
2237.jpeg,72
2238.jpeg,38
2239.jpeg,52
2240.jpeg,51
2241.jpeg,84
2242.jpeg,19
2243.jpeg,10
2244.jpeg,72
2245.jpeg,49
2246.jpeg,7
2247.jpeg,39
2248.jpeg,29
2249.jpeg,58
2250.jpeg,44
2251.jpeg,1
2252.jpeg,22
2253.jpeg,72
2254.jpeg,7
2255.jpeg,80
2256.jpeg,21
2257.jpeg,9
2258.jpeg,95
2259.jpeg,92
2260.jpeg,15
2261.jpeg,38
2262.jpeg,20
2263.jpeg,47
2264.jpeg,63
2265.jpeg,69
2266.jpeg,62
2267.jpeg,59
2268.jpeg,2
2269.jpeg,97
2270.jpeg,61
2271.jpeg,53
2272.jpeg,17
2273.jpeg,29
2274.jpeg,47
2275.jpeg,27
2276.jpeg,23
2277.jpeg,84
2278.jpeg,72
2279.jpeg,9
2280.jpeg,32
2281.jpeg,39
2282.jpeg,13
2283.jpeg,85
2284.jpeg,60
2285.jpeg,44
2286.jpeg,13
2287.jpeg,26
2288.jpeg,91
2289.jpeg,86
2290.jpeg,9
2291.jpeg,42
2292.jpeg,76
2293.jpeg,89
2294.jpeg,97
2295.jpeg,5
2296.jpeg,14
2297.jpeg,73
2298.jpeg,70
2299.jpeg,53
2300.jpeg,4
2301.jpeg,67
2302.jpeg,85
2303.jpeg,35
2304.jpeg,0
2305.jpeg,8
2306.jpeg,34
2307.jpeg,52
2308.jpeg,85
2309.jpeg,91
2310.jpeg,47
2311.jpeg,5
2312.jpeg,18
2313.jpeg,42
2314.jpeg,23
2315.jpeg,98
2316.jpeg,23
2317.jpeg,11
2318.jpeg,86
2319.jpeg,49
2320.jpeg,58
2321.jpeg,47
2322.jpeg,71
2323.jpeg,29
2324.jpeg,98
2325.jpeg,80
2326.jpeg,78
2327.jpeg,26
2328.jpeg,39
2329.jpeg,23
2330.jpeg,86
2331.jpeg,60
2332.jpeg,79
2333.jpeg,57
2334.jpeg,80
2335.jpeg,71
2336.jpeg,7
2337.jpeg,75
2338.jpeg,1
2339.jpeg,38
2340.jpeg,95
2341.jpeg,13
2342.jpeg,22
2343.jpeg,20
2344.jpeg,79
2345.jpeg,16
2346.jpeg,20
2347.jpeg,64
2348.jpeg,54
2349.jpeg,37
2350.jpeg,49
2351.jpeg,26
2352.jpeg,74
2353.jpeg,44
2354.jpeg,97
2355.jpeg,55
2356.jpeg,28
2357.jpeg,11
2358.jpeg,79
2359.jpeg,10
2360.jpeg,19
2361.jpeg,17
2362.jpeg,32
2363.jpeg,34
2364.jpeg,19
2365.jpeg,43
2366.jpeg,10
2367.jpeg,11
2368.jpeg,92
2369.jpeg,21
2370.jpeg,22
2371.jpeg,78
2372.jpeg,20
2373.jpeg,27
2374.jpeg,14
2375.jpeg,83
2376.jpeg,81
2377.jpeg,93
2378.jpeg,91
2379.jpeg,28
2380.jpeg,49
2381.jpeg,29
2382.jpeg,29
2383.jpeg,91
2384.jpeg,67
2385.jpeg,34
2386.jpeg,27
2387.jpeg,76
2388.jpeg,19
2389.jpeg,64
2390.jpeg,13
2391.jpeg,93
2392.jpeg,91
2393.jpeg,22
2394.jpeg,88
2395.jpeg,37
2396.jpeg,26
2397.jpeg,43
2398.jpeg,63
2399.jpeg,83
2400.jpeg,86
2401.jpeg,40
2402.jpeg,3
2403.jpeg,91
2404.jpeg,53
2405.jpeg,73
2406.jpeg,19
2407.jpeg,82
2408.jpeg,44
2409.jpeg,17
2410.jpeg,56
2411.jpeg,85
2412.jpeg,74
2413.jpeg,52
2414.jpeg,47
2415.jpeg,22
2416.jpeg,11
2417.jpeg,26
2418.jpeg,4
2419.jpeg,93
2420.jpeg,82
2421.jpeg,91
2422.jpeg,89
2423.jpeg,42
2424.jpeg,75
2425.jpeg,25
2426.jpeg,45
2427.jpeg,19
2428.jpeg,98
2429.jpeg,5
2430.jpeg,66
2431.jpeg,5
2432.jpeg,16
2433.jpeg,89
2434.jpeg,35
2435.jpeg,8
2436.jpeg,77
2437.jpeg,77
2438.jpeg,53
2439.jpeg,8
2440.jpeg,50
2441.jpeg,72
2442.jpeg,58
2443.jpeg,24
2444.jpeg,52
2445.jpeg,3
2446.jpeg,22
2447.jpeg,59
2448.jpeg,25
2449.jpeg,58
2450.jpeg,92
2451.jpeg,4
2452.jpeg,39
2453.jpeg,35
2454.jpeg,26
2455.jpeg,44
2456.jpeg,1
2457.jpeg,60
2458.jpeg,42
2459.jpeg,70
2460.jpeg,88
2461.jpeg,28
2462.jpeg,88
2463.jpeg,20
2464.jpeg,22
2465.jpeg,41
2466.jpeg,74
2467.jpeg,95
2468.jpeg,92
2469.jpeg,97
2470.jpeg,6
2471.jpeg,72
2472.jpeg,86
2473.jpeg,54
2474.jpeg,33
2475.jpeg,3
2476.jpeg,37
2477.jpeg,15
2478.jpeg,6
2479.jpeg,38
2480.jpeg,89
2481.jpeg,13
2482.jpeg,55
2483.jpeg,46
2484.jpeg,22
2485.jpeg,2
2486.jpeg,57
2487.jpeg,23
2488.jpeg,37
2489.jpeg,64
2490.jpeg,40
2491.jpeg,72
2492.jpeg,53
2493.jpeg,38
2494.jpeg,64
2495.jpeg,69
2496.jpeg,85
2497.jpeg,83
2498.jpeg,64
2499.jpeg,59
2500.jpeg,39
2501.jpeg,12
2502.jpeg,20
2503.jpeg,79
2504.jpeg,42
2505.jpeg,24
2506.jpeg,93
2507.jpeg,90
2508.jpeg,22
2509.jpeg,90
2510.jpeg,71
2511.jpeg,16
2512.jpeg,67
2513.jpeg,39
2514.jpeg,83
2515.jpeg,21
2516.jpeg,28
2517.jpeg,71
2518.jpeg,62
2519.jpeg,29
2520.jpeg,5
2521.jpeg,33
2522.jpeg,47
2523.jpeg,25
2524.jpeg,44
2525.jpeg,99
2526.jpeg,7
2527.jpeg,41
2528.jpeg,39
2529.jpeg,5
2530.jpeg,65
2531.jpeg,31
2532.jpeg,36
2533.jpeg,15
2534.jpeg,49
2535.jpeg,59
2536.jpeg,21
2537.jpeg,82
2538.jpeg,22
2539.jpeg,42
2540.jpeg,4
2541.jpeg,40
2542.jpeg,32
2543.jpeg,22
2544.jpeg,3
2545.jpeg,76
2546.jpeg,51
2547.jpeg,98
2548.jpeg,8
2549.jpeg,56
2550.jpeg,84
2551.jpeg,30
2552.jpeg,89
2553.jpeg,78
2554.jpeg,28
2555.jpeg,14
2556.jpeg,94
2557.jpeg,53
2558.jpeg,61
2559.jpeg,2
2560.jpeg,33
2561.jpeg,44
2562.jpeg,14
2563.jpeg,37
2564.jpeg,3
2565.jpeg,26
2566.jpeg,60
2567.jpeg,21
2568.jpeg,58
2569.jpeg,17
2570.jpeg,52
2571.jpeg,53
2572.jpeg,84
2573.jpeg,97
2574.jpeg,60
2575.jpeg,75
2576.jpeg,9
2577.jpeg,17
2578.jpeg,65
2579.jpeg,21
2580.jpeg,98
2581.jpeg,7
2582.jpeg,91
2583.jpeg,33
2584.jpeg,63
2585.jpeg,62
2586.jpeg,22
2587.jpeg,52
2588.jpeg,67
2589.jpeg,98
2590.jpeg,36
2591.jpeg,65
2592.jpeg,76
2593.jpeg,84
2594.jpeg,34
2595.jpeg,10
2596.jpeg,40
2597.jpeg,92
2598.jpeg,17
2599.jpeg,42
2600.jpeg,67
2601.jpeg,85
2602.jpeg,17
2603.jpeg,72
2604.jpeg,58
2605.jpeg,58
2606.jpeg,85
2607.jpeg,43
2608.jpeg,65
2609.jpeg,54
2610.jpeg,0
2611.jpeg,55
2612.jpeg,34
2613.jpeg,19
2614.jpeg,13
2615.jpeg,25
2616.jpeg,54
2617.jpeg,34
2618.jpeg,91
2619.jpeg,75
2620.jpeg,35
2621.jpeg,21
2622.jpeg,50
2623.jpeg,47
2624.jpeg,95
2625.jpeg,61
2626.jpeg,13
2627.jpeg,44
2628.jpeg,65
2629.jpeg,65
2630.jpeg,37
2631.jpeg,6
2632.jpeg,81
2633.jpeg,99
2634.jpeg,48
2635.jpeg,22
2636.jpeg,70
2637.jpeg,5
2638.jpeg,58
2639.jpeg,58
2640.jpeg,93
2641.jpeg,48
2642.jpeg,23
2643.jpeg,80
2644.jpeg,80
2645.jpeg,70
2646.jpeg,65
2647.jpeg,99
2648.jpeg,99
2649.jpeg,61
2650.jpeg,79
2651.jpeg,53
2652.jpeg,61
2653.jpeg,72
2654.jpeg,37
2655.jpeg,92
2656.jpeg,0
2657.jpeg,9
2658.jpeg,87
2659.jpeg,24
2660.jpeg,23
2661.jpeg,88
2662.jpeg,43
2663.jpeg,88
2664.jpeg,6
2665.jpeg,53
2666.jpeg,45
2667.jpeg,55
2668.jpeg,74
2669.jpeg,80
2670.jpeg,57
2671.jpeg,59
2672.jpeg,51
2673.jpeg,4
2674.jpeg,48
2675.jpeg,31
2676.jpeg,7
2677.jpeg,36
2678.jpeg,94
2679.jpeg,2
2680.jpeg,4
2681.jpeg,81
2682.jpeg,82
2683.jpeg,72
2684.jpeg,56
2685.jpeg,80
2686.jpeg,17
2687.jpeg,7
2688.jpeg,28
2689.jpeg,44
2690.jpeg,64
2691.jpeg,14
2692.jpeg,8
2693.jpeg,58
2694.jpeg,6
2695.jpeg,4
2696.jpeg,79
2697.jpeg,47
2698.jpeg,80
2699.jpeg,38
2700.jpeg,19
2701.jpeg,49
2702.jpeg,81
2703.jpeg,55
2704.jpeg,29
2705.jpeg,34
2706.jpeg,21
2707.jpeg,66
2708.jpeg,38
2709.jpeg,68
2710.jpeg,93
2711.jpeg,56
2712.jpeg,75
2713.jpeg,78
2714.jpeg,46
2715.jpeg,20
2716.jpeg,87
2717.jpeg,95
2718.jpeg,11
2719.jpeg,73
2720.jpeg,17
2721.jpeg,39
2722.jpeg,54
2723.jpeg,8
2724.jpeg,32
2725.jpeg,48
2726.jpeg,42
2727.jpeg,68
2728.jpeg,90
2729.jpeg,28
2730.jpeg,43
2731.jpeg,46
2732.jpeg,82
2733.jpeg,18
2734.jpeg,26
2735.jpeg,5
2736.jpeg,41
2737.jpeg,45
2738.jpeg,19
2739.jpeg,33
2740.jpeg,70
2741.jpeg,36
2742.jpeg,17
2743.jpeg,51
2744.jpeg,88
2745.jpeg,50
2746.jpeg,3
2747.jpeg,21
2748.jpeg,26
2749.jpeg,35
2750.jpeg,38
2751.jpeg,52
2752.jpeg,53
2753.jpeg,43
2754.jpeg,86
2755.jpeg,22
2756.jpeg,44
2757.jpeg,99
2758.jpeg,61
2759.jpeg,9
2760.jpeg,60
2761.jpeg,83
2762.jpeg,47
2763.jpeg,62
2764.jpeg,58
2765.jpeg,14
2766.jpeg,18
2767.jpeg,8
2768.jpeg,51
2769.jpeg,71
2770.jpeg,56
2771.jpeg,57
2772.jpeg,27
2773.jpeg,73
2774.jpeg,33
2775.jpeg,30
2776.jpeg,69
2777.jpeg,11
2778.jpeg,75
2779.jpeg,25
2780.jpeg,84
2781.jpeg,95
2782.jpeg,29
2783.jpeg,0
2784.jpeg,64
2785.jpeg,91
2786.jpeg,68
2787.jpeg,57
2788.jpeg,8
2789.jpeg,23
2790.jpeg,32
2791.jpeg,26
2792.jpeg,72
2793.jpeg,3
2794.jpeg,82
2795.jpeg,19
2796.jpeg,28
2797.jpeg,97
2798.jpeg,94
2799.jpeg,3
2800.jpeg,52
2801.jpeg,77
2802.jpeg,73
2803.jpeg,20
2804.jpeg,41
2805.jpeg,3
2806.jpeg,42
2807.jpeg,9
2808.jpeg,94
2809.jpeg,66
2810.jpeg,82
2811.jpeg,82
2812.jpeg,67
2813.jpeg,1
2814.jpeg,77
2815.jpeg,85
2816.jpeg,40
2817.jpeg,3
2818.jpeg,35
2819.jpeg,5
2820.jpeg,41
2821.jpeg,68
2822.jpeg,5
2823.jpeg,39
2824.jpeg,6
2825.jpeg,66
2826.jpeg,42
2827.jpeg,25
2828.jpeg,10
2829.jpeg,35
2830.jpeg,4
2831.jpeg,7
2832.jpeg,64
2833.jpeg,93
2834.jpeg,29
2835.jpeg,60
2836.jpeg,93
2837.jpeg,57
2838.jpeg,82
2839.jpeg,34
2840.jpeg,75
2841.jpeg,84
2842.jpeg,85
2843.jpeg,45
2844.jpeg,88
2845.jpeg,58
2846.jpeg,98
2847.jpeg,68
2848.jpeg,64
2849.jpeg,72
2850.jpeg,3
2851.jpeg,50
2852.jpeg,45
2853.jpeg,23
2854.jpeg,29
2855.jpeg,73
2856.jpeg,74
2857.jpeg,7
2858.jpeg,94
2859.jpeg,26
2860.jpeg,87
2861.jpeg,89
2862.jpeg,21
2863.jpeg,18
2864.jpeg,79
2865.jpeg,2
2866.jpeg,83
2867.jpeg,6
2868.jpeg,68
2869.jpeg,11
2870.jpeg,78
2871.jpeg,74
2872.jpeg,90
2873.jpeg,76
2874.jpeg,97
2875.jpeg,3
2876.jpeg,58
2877.jpeg,90
2878.jpeg,63
2879.jpeg,63
2880.jpeg,53
2881.jpeg,39
2882.jpeg,35
2883.jpeg,80
2884.jpeg,7
2885.jpeg,21
2886.jpeg,10
2887.jpeg,20
2888.jpeg,91
2889.jpeg,17
2890.jpeg,25
2891.jpeg,4
2892.jpeg,79
2893.jpeg,78
2894.jpeg,20
2895.jpeg,10
2896.jpeg,11
2897.jpeg,43
2898.jpeg,16
2899.jpeg,51
2900.jpeg,52
2901.jpeg,78
2902.jpeg,14
2903.jpeg,90
2904.jpeg,7
2905.jpeg,20
2906.jpeg,29
2907.jpeg,81
2908.jpeg,92
2909.jpeg,57
2910.jpeg,18
2911.jpeg,85
2912.jpeg,14
2913.jpeg,23
2914.jpeg,74
2915.jpeg,3
2916.jpeg,41
2917.jpeg,21
2918.jpeg,72
2919.jpeg,92
2920.jpeg,69
2921.jpeg,32
2922.jpeg,60
2923.jpeg,49
2924.jpeg,59
2925.jpeg,8
2926.jpeg,84
2927.jpeg,90
2928.jpeg,72
2929.jpeg,94
2930.jpeg,74
2931.jpeg,70
2932.jpeg,48
2933.jpeg,92
2934.jpeg,44
2935.jpeg,39
2936.jpeg,35
2937.jpeg,65
2938.jpeg,55
2939.jpeg,4
2940.jpeg,98
2941.jpeg,58
2942.jpeg,20
2943.jpeg,82
2944.jpeg,2
2945.jpeg,73
2946.jpeg,81
2947.jpeg,3
2948.jpeg,67
2949.jpeg,92
2950.jpeg,69
2951.jpeg,81
2952.jpeg,9
2953.jpeg,58
2954.jpeg,18
2955.jpeg,80
2956.jpeg,59
2957.jpeg,13
2958.jpeg,76
2959.jpeg,66
2960.jpeg,33
2961.jpeg,57
2962.jpeg,94
2963.jpeg,53
2964.jpeg,95
2965.jpeg,75
2966.jpeg,93
2967.jpeg,13
2968.jpeg,11
2969.jpeg,69
2970.jpeg,84
2971.jpeg,71
2972.jpeg,1
2973.jpeg,47
2974.jpeg,68
2975.jpeg,15
2976.jpeg,85
2977.jpeg,54
2978.jpeg,70
2979.jpeg,39
2980.jpeg,8
2981.jpeg,17
2982.jpeg,75
2983.jpeg,84
2984.jpeg,80
2985.jpeg,36
2986.jpeg,3
2987.jpeg,70
2988.jpeg,15
2989.jpeg,65
2990.jpeg,88
2991.jpeg,87
2992.jpeg,55
2993.jpeg,93
2994.jpeg,67
2995.jpeg,0
2996.jpeg,67
2997.jpeg,27
2998.jpeg,58
2999.jpeg,58
3000.jpeg,80
3001.jpeg,77
3002.jpeg,89
3003.jpeg,77
3004.jpeg,49
3005.jpeg,22
3006.jpeg,86
3007.jpeg,30
3008.jpeg,29
3009.jpeg,71
3010.jpeg,40
3011.jpeg,19
3012.jpeg,10
3013.jpeg,63
3014.jpeg,32
3015.jpeg,62
3016.jpeg,79
3017.jpeg,14
3018.jpeg,3
3019.jpeg,77
3020.jpeg,80
3021.jpeg,4
3022.jpeg,40
3023.jpeg,79
3024.jpeg,71
3025.jpeg,71
3026.jpeg,74
3027.jpeg,76
3028.jpeg,47
3029.jpeg,42
3030.jpeg,55
3031.jpeg,89
3032.jpeg,24
3033.jpeg,82
3034.jpeg,32
3035.jpeg,3
3036.jpeg,8
3037.jpeg,17
3038.jpeg,25
3039.jpeg,39
3040.jpeg,17
3041.jpeg,90
3042.jpeg,13
3043.jpeg,97
3044.jpeg,40
3045.jpeg,15
3046.jpeg,85
3047.jpeg,47
3048.jpeg,9
3049.jpeg,25
3050.jpeg,70
3051.jpeg,51
3052.jpeg,64
3053.jpeg,5
3054.jpeg,23
3055.jpeg,41
3056.jpeg,56
3057.jpeg,0
3058.jpeg,39
3059.jpeg,48
3060.jpeg,71
3061.jpeg,6
3062.jpeg,92
3063.jpeg,8
3064.jpeg,76
3065.jpeg,98
3066.jpeg,21
3067.jpeg,10
3068.jpeg,28
3069.jpeg,5
3070.jpeg,15
3071.jpeg,91
3072.jpeg,88
3073.jpeg,71
3074.jpeg,95
3075.jpeg,33
3076.jpeg,92
3077.jpeg,72
3078.jpeg,51
3079.jpeg,49
3080.jpeg,64
3081.jpeg,37
3082.jpeg,53
3083.jpeg,63
3084.jpeg,61
3085.jpeg,67
3086.jpeg,65
3087.jpeg,87
3088.jpeg,36
3089.jpeg,53
3090.jpeg,7
3091.jpeg,17
3092.jpeg,6
3093.jpeg,32
3094.jpeg,29
3095.jpeg,0
3096.jpeg,17
3097.jpeg,44
3098.jpeg,20
3099.jpeg,35
3100.jpeg,99
3101.jpeg,0
3102.jpeg,35
3103.jpeg,22
3104.jpeg,40
3105.jpeg,23
3106.jpeg,6
3107.jpeg,95
3108.jpeg,31
3109.jpeg,77
3110.jpeg,87
3111.jpeg,79
3112.jpeg,65
3113.jpeg,99
3114.jpeg,77
3115.jpeg,71
3116.jpeg,89
3117.jpeg,7
3118.jpeg,12
3119.jpeg,86
3120.jpeg,69
3121.jpeg,42
3122.jpeg,29
3123.jpeg,10
3124.jpeg,43
3125.jpeg,69
3126.jpeg,27
3127.jpeg,21
3128.jpeg,91
3129.jpeg,83
3130.jpeg,48
3131.jpeg,90
3132.jpeg,23
3133.jpeg,64
3134.jpeg,35
3135.jpeg,63
3136.jpeg,71
3137.jpeg,89
3138.jpeg,61
3139.jpeg,97
3140.jpeg,43
3141.jpeg,63
3142.jpeg,20
3143.jpeg,37
3144.jpeg,70
3145.jpeg,15
3146.jpeg,50
3147.jpeg,56
3148.jpeg,18
3149.jpeg,55
3150.jpeg,14
3151.jpeg,77
3152.jpeg,0
3153.jpeg,25
3154.jpeg,84
3155.jpeg,99
3156.jpeg,71
3157.jpeg,82
3158.jpeg,65
3159.jpeg,41
3160.jpeg,40
3161.jpeg,8
3162.jpeg,92
3163.jpeg,39
3164.jpeg,29
3165.jpeg,88
3166.jpeg,34
3167.jpeg,27
3168.jpeg,22
3169.jpeg,97
3170.jpeg,52
3171.jpeg,93
3172.jpeg,81
3173.jpeg,20
3174.jpeg,14
3175.jpeg,41
3176.jpeg,43
3177.jpeg,42
3178.jpeg,52
3179.jpeg,33
3180.jpeg,64
3181.jpeg,43
3182.jpeg,55
3183.jpeg,65
3184.jpeg,22
3185.jpeg,18
3186.jpeg,11
3187.jpeg,16
3188.jpeg,37
3189.jpeg,50
3190.jpeg,26
3191.jpeg,94
3192.jpeg,43
3193.jpeg,82
3194.jpeg,8
3195.jpeg,22
3196.jpeg,49
3197.jpeg,86
3198.jpeg,70
3199.jpeg,21
3200.jpeg,37
3201.jpeg,65
3202.jpeg,31
3203.jpeg,48
3204.jpeg,67
3205.jpeg,52
3206.jpeg,16
3207.jpeg,85
3208.jpeg,32
3209.jpeg,28
3210.jpeg,32
3211.jpeg,83
3212.jpeg,23
3213.jpeg,11
3214.jpeg,51
3215.jpeg,95
3216.jpeg,97
3217.jpeg,82
3218.jpeg,3
3219.jpeg,0
3220.jpeg,82
3221.jpeg,80
3222.jpeg,72
3223.jpeg,42
3224.jpeg,12
3225.jpeg,20
3226.jpeg,88
3227.jpeg,2
3228.jpeg,7
3229.jpeg,67
3230.jpeg,16
3231.jpeg,0
3232.jpeg,20
3233.jpeg,35
3234.jpeg,25
3235.jpeg,70
3236.jpeg,23
3237.jpeg,87
3238.jpeg,66
3239.jpeg,44
3240.jpeg,98
3241.jpeg,46
3242.jpeg,90
3243.jpeg,13
3244.jpeg,7
3245.jpeg,31
3246.jpeg,62
3247.jpeg,20
3248.jpeg,84
3249.jpeg,17
3250.jpeg,91
3251.jpeg,71
3252.jpeg,61
3253.jpeg,84
3254.jpeg,80
3255.jpeg,97
3256.jpeg,71
3257.jpeg,32
3258.jpeg,74
3259.jpeg,92
3260.jpeg,7
3261.jpeg,52
3262.jpeg,64
3263.jpeg,5
3264.jpeg,84
3265.jpeg,16
3266.jpeg,63
3267.jpeg,86
3268.jpeg,36
3269.jpeg,23
3270.jpeg,0
3271.jpeg,92
3272.jpeg,82
3273.jpeg,16
3274.jpeg,23
3275.jpeg,79
3276.jpeg,44
3277.jpeg,2
3278.jpeg,18
3279.jpeg,64
3280.jpeg,87
3281.jpeg,26
3282.jpeg,98
3283.jpeg,40
3284.jpeg,50
3285.jpeg,12
3286.jpeg,25
3287.jpeg,38
3288.jpeg,68
3289.jpeg,58
3290.jpeg,49
3291.jpeg,88
3292.jpeg,75
3293.jpeg,91
3294.jpeg,26
3295.jpeg,58
3296.jpeg,18
3297.jpeg,55
3298.jpeg,16
3299.jpeg,49
3300.jpeg,86
3301.jpeg,89
3302.jpeg,33
3303.jpeg,89
3304.jpeg,27
3305.jpeg,40
3306.jpeg,35
3307.jpeg,51
3308.jpeg,13
3309.jpeg,4
3310.jpeg,33
3311.jpeg,2
3312.jpeg,81
3313.jpeg,82
3314.jpeg,0
3315.jpeg,21
3316.jpeg,55
3317.jpeg,10
3318.jpeg,65
3319.jpeg,67
3320.jpeg,30
3321.jpeg,78
3322.jpeg,1
3323.jpeg,77
3324.jpeg,45
3325.jpeg,5
3326.jpeg,99
3327.jpeg,66
3328.jpeg,39
3329.jpeg,67
3330.jpeg,2
3331.jpeg,11
3332.jpeg,93
3333.jpeg,52
3334.jpeg,11
3335.jpeg,88
3336.jpeg,11
3337.jpeg,41
3338.jpeg,47
3339.jpeg,26
3340.jpeg,67
3341.jpeg,25
3342.jpeg,3
3343.jpeg,46
3344.jpeg,58
3345.jpeg,90
3346.jpeg,29
3347.jpeg,69
3348.jpeg,91
3349.jpeg,50
3350.jpeg,55
3351.jpeg,0
3352.jpeg,16
3353.jpeg,87
3354.jpeg,3
3355.jpeg,46
3356.jpeg,48
3357.jpeg,91
3358.jpeg,28
3359.jpeg,60
3360.jpeg,19
3361.jpeg,34
3362.jpeg,54
3363.jpeg,73
3364.jpeg,54
3365.jpeg,18
3366.jpeg,57
3367.jpeg,31
3368.jpeg,35
3369.jpeg,46
3370.jpeg,22
3371.jpeg,73
3372.jpeg,91
3373.jpeg,19
3374.jpeg,75
3375.jpeg,47
3376.jpeg,41
3377.jpeg,19
3378.jpeg,25
3379.jpeg,25
3380.jpeg,41
3381.jpeg,38
3382.jpeg,56
3383.jpeg,26
3384.jpeg,71
3385.jpeg,46
3386.jpeg,98
3387.jpeg,40
3388.jpeg,55
3389.jpeg,80
3390.jpeg,80
3391.jpeg,22
3392.jpeg,42
3393.jpeg,80
3394.jpeg,35
3395.jpeg,84
3396.jpeg,67
3397.jpeg,27
3398.jpeg,98
3399.jpeg,10
3400.jpeg,40
3401.jpeg,19
3402.jpeg,58
3403.jpeg,90
3404.jpeg,1
3405.jpeg,25
3406.jpeg,10
3407.jpeg,73
3408.jpeg,72
3409.jpeg,19
3410.jpeg,67
3411.jpeg,93
3412.jpeg,91
3413.jpeg,44
3414.jpeg,28
3415.jpeg,95
3416.jpeg,47
3417.jpeg,94
3418.jpeg,20
3419.jpeg,62
3420.jpeg,88
3421.jpeg,67
3422.jpeg,89
3423.jpeg,81
3424.jpeg,63
3425.jpeg,46
3426.jpeg,59
3427.jpeg,5
3428.jpeg,39
3429.jpeg,98
3430.jpeg,2
3431.jpeg,98
3432.jpeg,40
3433.jpeg,40
3434.jpeg,74
3435.jpeg,62
3436.jpeg,19
3437.jpeg,71
3438.jpeg,58
3439.jpeg,93
3440.jpeg,80
3441.jpeg,93
3442.jpeg,31
3443.jpeg,98
3444.jpeg,66
3445.jpeg,33
3446.jpeg,14
3447.jpeg,33
3448.jpeg,19
3449.jpeg,71
3450.jpeg,94
3451.jpeg,50
3452.jpeg,19
3453.jpeg,97
3454.jpeg,43
3455.jpeg,17
3456.jpeg,29
3457.jpeg,60
3458.jpeg,98
3459.jpeg,50
3460.jpeg,26
3461.jpeg,20
3462.jpeg,2
3463.jpeg,29
3464.jpeg,18
3465.jpeg,4
3466.jpeg,46
3467.jpeg,16
3468.jpeg,98
3469.jpeg,12
3470.jpeg,33
3471.jpeg,95
3472.jpeg,55
3473.jpeg,77
3474.jpeg,36
3475.jpeg,33
3476.jpeg,30
3477.jpeg,72
3478.jpeg,85
3479.jpeg,7
3480.jpeg,43
3481.jpeg,76
3482.jpeg,61
3483.jpeg,28
3484.jpeg,71
3485.jpeg,9
3486.jpeg,94
3487.jpeg,65
3488.jpeg,24
3489.jpeg,70
3490.jpeg,90
3491.jpeg,53
3492.jpeg,42
3493.jpeg,63
3494.jpeg,70
3495.jpeg,39
3496.jpeg,43
3497.jpeg,19
3498.jpeg,33
3499.jpeg,91
3500.jpeg,13
3501.jpeg,2
3502.jpeg,34
3503.jpeg,20
3504.jpeg,36
3505.jpeg,68
3506.jpeg,10
3507.jpeg,76
3508.jpeg,17
3509.jpeg,69
3510.jpeg,86
3511.jpeg,14
3512.jpeg,73
3513.jpeg,51
3514.jpeg,6
3515.jpeg,20
3516.jpeg,44
3517.jpeg,84
3518.jpeg,70
3519.jpeg,59
3520.jpeg,4
3521.jpeg,63
3522.jpeg,89
3523.jpeg,87
3524.jpeg,70
3525.jpeg,42
3526.jpeg,47
3527.jpeg,87
3528.jpeg,62
3529.jpeg,22
3530.jpeg,34
3531.jpeg,59
3532.jpeg,43
3533.jpeg,83
3534.jpeg,48
3535.jpeg,66
3536.jpeg,26
3537.jpeg,14
3538.jpeg,51
3539.jpeg,77
3540.jpeg,29
3541.jpeg,48
3542.jpeg,51
3543.jpeg,38
3544.jpeg,6
3545.jpeg,86
3546.jpeg,94
3547.jpeg,47
3548.jpeg,11
3549.jpeg,18
3550.jpeg,51
3551.jpeg,14
3552.jpeg,97
3553.jpeg,46
3554.jpeg,36
3555.jpeg,60
3556.jpeg,1
3557.jpeg,42
3558.jpeg,67
3559.jpeg,54
3560.jpeg,47
3561.jpeg,40
3562.jpeg,3
3563.jpeg,94
3564.jpeg,26
3565.jpeg,59
3566.jpeg,17
3567.jpeg,33
3568.jpeg,11
3569.jpeg,91
3570.jpeg,39
3571.jpeg,44
3572.jpeg,44
3573.jpeg,45
3574.jpeg,59
3575.jpeg,44
3576.jpeg,57
3577.jpeg,67
3578.jpeg,80
3579.jpeg,84
3580.jpeg,70
3581.jpeg,12
3582.jpeg,78
3583.jpeg,5
3584.jpeg,30
3585.jpeg,38
3586.jpeg,14
3587.jpeg,10
3588.jpeg,45
3589.jpeg,24
3590.jpeg,30
3591.jpeg,34
3592.jpeg,76
3593.jpeg,2
3594.jpeg,47
3595.jpeg,6
3596.jpeg,66
3597.jpeg,36
3598.jpeg,20
3599.jpeg,12
3600.jpeg,72
3601.jpeg,6
3602.jpeg,18
3603.jpeg,67
3604.jpeg,36
3605.jpeg,97
3606.jpeg,0
3607.jpeg,13
3608.jpeg,51
3609.jpeg,4
3610.jpeg,16
3611.jpeg,62
3612.jpeg,24
3613.jpeg,39
3614.jpeg,80
3615.jpeg,48
3616.jpeg,83
3617.jpeg,12
3618.jpeg,62
3619.jpeg,37
3620.jpeg,72
3621.jpeg,94
3622.jpeg,22
3623.jpeg,65
3624.jpeg,60
3625.jpeg,81
3626.jpeg,20
3627.jpeg,81
3628.jpeg,27
3629.jpeg,52
3630.jpeg,25
3631.jpeg,40
3632.jpeg,48
3633.jpeg,37
3634.jpeg,63
3635.jpeg,64
3636.jpeg,21
3637.jpeg,17
3638.jpeg,15
3639.jpeg,78
3640.jpeg,76
3641.jpeg,42
3642.jpeg,80
3643.jpeg,77
3644.jpeg,92
3645.jpeg,5
3646.jpeg,87
3647.jpeg,94
3648.jpeg,44
3649.jpeg,60
3650.jpeg,3
3651.jpeg,88
3652.jpeg,65
3653.jpeg,51
3654.jpeg,45
3655.jpeg,23
3656.jpeg,10
3657.jpeg,86
3658.jpeg,72
3659.jpeg,31
3660.jpeg,58
3661.jpeg,19
3662.jpeg,71
3663.jpeg,68
3664.jpeg,48
3665.jpeg,10
3666.jpeg,34
3667.jpeg,6
3668.jpeg,21
3669.jpeg,55
3670.jpeg,35
3671.jpeg,50
3672.jpeg,49
3673.jpeg,93
3674.jpeg,50
3675.jpeg,27
3676.jpeg,51
3677.jpeg,27
3678.jpeg,42
3679.jpeg,46
3680.jpeg,68
3681.jpeg,49
3682.jpeg,39
3683.jpeg,70
3684.jpeg,40
3685.jpeg,80
3686.jpeg,9
3687.jpeg,11
3688.jpeg,39
3689.jpeg,71
3690.jpeg,39
3691.jpeg,34
3692.jpeg,43
3693.jpeg,52
3694.jpeg,29
3695.jpeg,57
3696.jpeg,52
3697.jpeg,84
3698.jpeg,53
3699.jpeg,34
3700.jpeg,82
3701.jpeg,0
3702.jpeg,13
3703.jpeg,71
3704.jpeg,91
3705.jpeg,68
3706.jpeg,78
3707.jpeg,68
3708.jpeg,10
3709.jpeg,5
3710.jpeg,1
3711.jpeg,41
3712.jpeg,24
3713.jpeg,75
3714.jpeg,80
3715.jpeg,57
3716.jpeg,14
3717.jpeg,78
3718.jpeg,11
3719.jpeg,73
3720.jpeg,75
3721.jpeg,38
3722.jpeg,69
3723.jpeg,2
3724.jpeg,17
3725.jpeg,24
3726.jpeg,16
3727.jpeg,69
3728.jpeg,72
3729.jpeg,35
3730.jpeg,72
3731.jpeg,30
3732.jpeg,25
3733.jpeg,22
3734.jpeg,63
3735.jpeg,42
3736.jpeg,41
3737.jpeg,87
3738.jpeg,44
3739.jpeg,56
3740.jpeg,99
3741.jpeg,6
3742.jpeg,53
3743.jpeg,55
3744.jpeg,49
3745.jpeg,54
3746.jpeg,15
3747.jpeg,88
3748.jpeg,76
3749.jpeg,16
3750.jpeg,47
3751.jpeg,78
3752.jpeg,4
3753.jpeg,37
3754.jpeg,80
3755.jpeg,2
3756.jpeg,92
3757.jpeg,90
3758.jpeg,90
3759.jpeg,28
3760.jpeg,90
3761.jpeg,49
3762.jpeg,74
3763.jpeg,88
3764.jpeg,23
3765.jpeg,9
3766.jpeg,36
3767.jpeg,67
3768.jpeg,20
3769.jpeg,63
3770.jpeg,15
3771.jpeg,87
3772.jpeg,44
3773.jpeg,17
3774.jpeg,85
3775.jpeg,38
3776.jpeg,18
3777.jpeg,7
3778.jpeg,12
3779.jpeg,43
3780.jpeg,80
3781.jpeg,15
3782.jpeg,44
3783.jpeg,2
3784.jpeg,5
3785.jpeg,74
3786.jpeg,64
3787.jpeg,3
3788.jpeg,55
3789.jpeg,49
3790.jpeg,94
3791.jpeg,15
3792.jpeg,2
3793.jpeg,45
3794.jpeg,59
3795.jpeg,41
3796.jpeg,39
3797.jpeg,56
3798.jpeg,16
3799.jpeg,79
3800.jpeg,16
3801.jpeg,64
3802.jpeg,53
3803.jpeg,56
3804.jpeg,10
3805.jpeg,98
3806.jpeg,71
3807.jpeg,80
3808.jpeg,9
3809.jpeg,20
3810.jpeg,41
3811.jpeg,15
3812.jpeg,20
3813.jpeg,28
3814.jpeg,67
3815.jpeg,86
3816.jpeg,24
3817.jpeg,15
3818.jpeg,84
3819.jpeg,44
3820.jpeg,13
3821.jpeg,14
3822.jpeg,67
3823.jpeg,4
3824.jpeg,49
3825.jpeg,37
3826.jpeg,34
3827.jpeg,94
3828.jpeg,53
3829.jpeg,76
3830.jpeg,59
3831.jpeg,98
3832.jpeg,71
3833.jpeg,48
3834.jpeg,83
3835.jpeg,55
3836.jpeg,32
3837.jpeg,73
3838.jpeg,6
3839.jpeg,47
3840.jpeg,7
3841.jpeg,64
3842.jpeg,21
3843.jpeg,97
3844.jpeg,7
3845.jpeg,38
3846.jpeg,5
3847.jpeg,13
3848.jpeg,64
3849.jpeg,49
3850.jpeg,15
3851.jpeg,9
3852.jpeg,81
3853.jpeg,7
3854.jpeg,58
3855.jpeg,79
3856.jpeg,16
3857.jpeg,40
3858.jpeg,50
3859.jpeg,85
3860.jpeg,32
3861.jpeg,89
3862.jpeg,31
3863.jpeg,22
3864.jpeg,2
3865.jpeg,43
3866.jpeg,3
3867.jpeg,75
3868.jpeg,17
3869.jpeg,14
3870.jpeg,36
3871.jpeg,6
3872.jpeg,16
3873.jpeg,15
3874.jpeg,65
3875.jpeg,21
3876.jpeg,87
3877.jpeg,72
3878.jpeg,82
3879.jpeg,51
3880.jpeg,6
3881.jpeg,3
3882.jpeg,35
3883.jpeg,28
3884.jpeg,79
3885.jpeg,25
3886.jpeg,34
3887.jpeg,26
3888.jpeg,12
3889.jpeg,68
3890.jpeg,23
3891.jpeg,74
3892.jpeg,40
3893.jpeg,47
3894.jpeg,18
3895.jpeg,49
3896.jpeg,52
3897.jpeg,12
3898.jpeg,46
3899.jpeg,43
3900.jpeg,65
3901.jpeg,13
3902.jpeg,14
3903.jpeg,5
3904.jpeg,0
3905.jpeg,9
3906.jpeg,17
3907.jpeg,21
3908.jpeg,39
3909.jpeg,45
3910.jpeg,58
3911.jpeg,82
3912.jpeg,23
3913.jpeg,16
3914.jpeg,10
3915.jpeg,26
3916.jpeg,78
3917.jpeg,33
3918.jpeg,18
3919.jpeg,77
3920.jpeg,7
3921.jpeg,2
3922.jpeg,83
3923.jpeg,41
3924.jpeg,70
3925.jpeg,58
3926.jpeg,13
3927.jpeg,45
3928.jpeg,38
3929.jpeg,55
3930.jpeg,67
3931.jpeg,79
3932.jpeg,60
3933.jpeg,46
3934.jpeg,93
3935.jpeg,21
3936.jpeg,2
3937.jpeg,69
3938.jpeg,90
3939.jpeg,48
3940.jpeg,51
3941.jpeg,33
3942.jpeg,58
3943.jpeg,22
3944.jpeg,43
3945.jpeg,38
3946.jpeg,83
3947.jpeg,99
3948.jpeg,80
3949.jpeg,40
3950.jpeg,34
3951.jpeg,6
3952.jpeg,33
3953.jpeg,19
3954.jpeg,95
3955.jpeg,31
3956.jpeg,62
3957.jpeg,80
3958.jpeg,16
3959.jpeg,61
3960.jpeg,0
3961.jpeg,74
3962.jpeg,29
3963.jpeg,57
3964.jpeg,35
3965.jpeg,42
3966.jpeg,3
3967.jpeg,52
3968.jpeg,35
3969.jpeg,33
3970.jpeg,31
3971.jpeg,39
3972.jpeg,90
3973.jpeg,28
3974.jpeg,51
3975.jpeg,9
3976.jpeg,67
3977.jpeg,60
3978.jpeg,44
3979.jpeg,16
3980.jpeg,20
3981.jpeg,80
3982.jpeg,64
3983.jpeg,53
3984.jpeg,70
3985.jpeg,4
3986.jpeg,66
3987.jpeg,23
3988.jpeg,14
3989.jpeg,69
3990.jpeg,90
3991.jpeg,17
3992.jpeg,58
3993.jpeg,71
3994.jpeg,27
3995.jpeg,90
3996.jpeg,80
3997.jpeg,51
3998.jpeg,81
3999.jpeg,22
4000.jpeg,88
4001.jpeg,7
4002.jpeg,18
4003.jpeg,40
4004.jpeg,99
4005.jpeg,72
4006.jpeg,78
4007.jpeg,8
4008.jpeg,63
4009.jpeg,34
4010.jpeg,13
4011.jpeg,74
4012.jpeg,74
4013.jpeg,86
4014.jpeg,78
4015.jpeg,81
4016.jpeg,72
4017.jpeg,92
4018.jpeg,4
4019.jpeg,27
4020.jpeg,43
4021.jpeg,79
4022.jpeg,83
4023.jpeg,24
4024.jpeg,64
4025.jpeg,3
4026.jpeg,17
4027.jpeg,52
4028.jpeg,3
4029.jpeg,66
4030.jpeg,97
4031.jpeg,13
4032.jpeg,29
4033.jpeg,17
4034.jpeg,34
4035.jpeg,6
4036.jpeg,27
4037.jpeg,16
4038.jpeg,87
4039.jpeg,12
4040.jpeg,31
4041.jpeg,62
4042.jpeg,90
4043.jpeg,68
4044.jpeg,40
4045.jpeg,41
4046.jpeg,41
4047.jpeg,53
4048.jpeg,98
4049.jpeg,45
4050.jpeg,75
4051.jpeg,46
4052.jpeg,40
4053.jpeg,19
4054.jpeg,95
4055.jpeg,10
4056.jpeg,34
4057.jpeg,44
4058.jpeg,73
4059.jpeg,59
4060.jpeg,25
4061.jpeg,92
4062.jpeg,71
4063.jpeg,87
4064.jpeg,32
4065.jpeg,11
4066.jpeg,71
4067.jpeg,58
4068.jpeg,16
4069.jpeg,49
4070.jpeg,13
4071.jpeg,39
4072.jpeg,89
4073.jpeg,58
4074.jpeg,98
4075.jpeg,29
4076.jpeg,46
4077.jpeg,45
4078.jpeg,58
4079.jpeg,71
4080.jpeg,14
4081.jpeg,47
4082.jpeg,97
4083.jpeg,59
4084.jpeg,56
4085.jpeg,14
4086.jpeg,67
4087.jpeg,69
4088.jpeg,53
4089.jpeg,14
4090.jpeg,62
4091.jpeg,21
4092.jpeg,72
4093.jpeg,65
4094.jpeg,22
4095.jpeg,58
4096.jpeg,59
4097.jpeg,12
4098.jpeg,8
4099.jpeg,55
4100.jpeg,36
4101.jpeg,29
4102.jpeg,48
4103.jpeg,36
4104.jpeg,33
4105.jpeg,27
4106.jpeg,36
4107.jpeg,5
4108.jpeg,36
4109.jpeg,2
4110.jpeg,22
4111.jpeg,7
4112.jpeg,98
4113.jpeg,28
4114.jpeg,41
4115.jpeg,16
4116.jpeg,48
4117.jpeg,9
4118.jpeg,90
4119.jpeg,92
4120.jpeg,37
4121.jpeg,84
4122.jpeg,0
4123.jpeg,99
4124.jpeg,52
4125.jpeg,56
4126.jpeg,65
4127.jpeg,53
4128.jpeg,3
4129.jpeg,27
4130.jpeg,36
4131.jpeg,0
4132.jpeg,38
4133.jpeg,81
4134.jpeg,23
4135.jpeg,64
4136.jpeg,64
4137.jpeg,15
4138.jpeg,26
4139.jpeg,87
4140.jpeg,52
4141.jpeg,28
4142.jpeg,53
4143.jpeg,51
4144.jpeg,71
4145.jpeg,81
4146.jpeg,46
4147.jpeg,21
4148.jpeg,81
4149.jpeg,20
4150.jpeg,79
4151.jpeg,61
4152.jpeg,70
4153.jpeg,18
4154.jpeg,58
4155.jpeg,13
4156.jpeg,72
4157.jpeg,83
4158.jpeg,10
4159.jpeg,5
4160.jpeg,80
4161.jpeg,90
4162.jpeg,90
4163.jpeg,21
4164.jpeg,1
4165.jpeg,54
4166.jpeg,72
4167.jpeg,28
4168.jpeg,35
4169.jpeg,50
4170.jpeg,64
4171.jpeg,48
4172.jpeg,4
4173.jpeg,80
4174.jpeg,86
4175.jpeg,88
4176.jpeg,54
4177.jpeg,4
4178.jpeg,15
4179.jpeg,90
4180.jpeg,39
4181.jpeg,34
4182.jpeg,45
4183.jpeg,2
4184.jpeg,1
4185.jpeg,26
4186.jpeg,29
4187.jpeg,59
4188.jpeg,76
4189.jpeg,11
4190.jpeg,13
4191.jpeg,55
4192.jpeg,91
4193.jpeg,40
4194.jpeg,4
4195.jpeg,55
4196.jpeg,71
4197.jpeg,13
4198.jpeg,94
4199.jpeg,63
4200.jpeg,44
4201.jpeg,51
4202.jpeg,60
4203.jpeg,80
4204.jpeg,16
4205.jpeg,73
4206.jpeg,18
4207.jpeg,71
4208.jpeg,37
4209.jpeg,29
4210.jpeg,18
4211.jpeg,90
4212.jpeg,52
4213.jpeg,58
4214.jpeg,38
4215.jpeg,46
4216.jpeg,27
4217.jpeg,13
4218.jpeg,9
4219.jpeg,35
4220.jpeg,36
4221.jpeg,66
4222.jpeg,7
4223.jpeg,64
4224.jpeg,82
4225.jpeg,82
4226.jpeg,62
4227.jpeg,60
4228.jpeg,65
4229.jpeg,43
4230.jpeg,55
4231.jpeg,30
4232.jpeg,92
4233.jpeg,22
4234.jpeg,2
4235.jpeg,65
4236.jpeg,84
4237.jpeg,3
4238.jpeg,82
4239.jpeg,60
4240.jpeg,90
4241.jpeg,16
4242.jpeg,3
4243.jpeg,98
4244.jpeg,55
4245.jpeg,17
4246.jpeg,46
4247.jpeg,7
4248.jpeg,40
4249.jpeg,46
4250.jpeg,1
4251.jpeg,99
4252.jpeg,90
4253.jpeg,77
4254.jpeg,37
4255.jpeg,30
4256.jpeg,29
4257.jpeg,35
4258.jpeg,7
4259.jpeg,20
4260.jpeg,72
4261.jpeg,6
4262.jpeg,15
4263.jpeg,84
4264.jpeg,28
4265.jpeg,21
4266.jpeg,20
4267.jpeg,90
4268.jpeg,47
4269.jpeg,83
4270.jpeg,64
4271.jpeg,25
4272.jpeg,40
4273.jpeg,16
4274.jpeg,27
4275.jpeg,62
4276.jpeg,73
4277.jpeg,47
4278.jpeg,12
4279.jpeg,90
4280.jpeg,62
4281.jpeg,60
4282.jpeg,81
4283.jpeg,38
4284.jpeg,87
4285.jpeg,73
4286.jpeg,41
4287.jpeg,4
4288.jpeg,53
4289.jpeg,18
4290.jpeg,52
4291.jpeg,46
4292.jpeg,72
4293.jpeg,85
4294.jpeg,29
4295.jpeg,21
4296.jpeg,8
4297.jpeg,48
4298.jpeg,50
4299.jpeg,54
4300.jpeg,98
4301.jpeg,91
4302.jpeg,37
4303.jpeg,13
4304.jpeg,56
4305.jpeg,8
4306.jpeg,61
4307.jpeg,19
4308.jpeg,33
4309.jpeg,47
4310.jpeg,49
4311.jpeg,50
4312.jpeg,40
4313.jpeg,24
4314.jpeg,9
4315.jpeg,77
4316.jpeg,19
4317.jpeg,58
4318.jpeg,99
4319.jpeg,6
4320.jpeg,90
4321.jpeg,3
4322.jpeg,35
4323.jpeg,92
4324.jpeg,46
4325.jpeg,59
4326.jpeg,19
4327.jpeg,90
4328.jpeg,7
4329.jpeg,58
4330.jpeg,91
4331.jpeg,77
4332.jpeg,40
4333.jpeg,85
4334.jpeg,35
4335.jpeg,52
4336.jpeg,67
4337.jpeg,57
4338.jpeg,12
4339.jpeg,98
4340.jpeg,54
4341.jpeg,36
4342.jpeg,14
4343.jpeg,64
4344.jpeg,64
4345.jpeg,60
4346.jpeg,12
4347.jpeg,33
4348.jpeg,24
4349.jpeg,27
4350.jpeg,90
4351.jpeg,41
4352.jpeg,32
4353.jpeg,82
4354.jpeg,53
4355.jpeg,28
4356.jpeg,74
4357.jpeg,4
4358.jpeg,76
4359.jpeg,66
4360.jpeg,80
4361.jpeg,1
4362.jpeg,39
4363.jpeg,76
4364.jpeg,98
4365.jpeg,77
4366.jpeg,48
4367.jpeg,45
4368.jpeg,70
4369.jpeg,63
4370.jpeg,67
4371.jpeg,24
4372.jpeg,14
4373.jpeg,5
4374.jpeg,77
4375.jpeg,70
4376.jpeg,5
4377.jpeg,17
4378.jpeg,0
4379.jpeg,29
4380.jpeg,30
4381.jpeg,23
4382.jpeg,69
4383.jpeg,41
4384.jpeg,13
4385.jpeg,71
4386.jpeg,56
4387.jpeg,53
4388.jpeg,97
4389.jpeg,92
4390.jpeg,37
4391.jpeg,18
4392.jpeg,82
4393.jpeg,80
4394.jpeg,31
4395.jpeg,8
4396.jpeg,6
4397.jpeg,47
4398.jpeg,15
4399.jpeg,95
4400.jpeg,14
4401.jpeg,7
4402.jpeg,87
4403.jpeg,10
4404.jpeg,77
4405.jpeg,64
4406.jpeg,10
4407.jpeg,67
4408.jpeg,47
4409.jpeg,51
4410.jpeg,58
4411.jpeg,38
4412.jpeg,41
4413.jpeg,60
4414.jpeg,83
4415.jpeg,85
4416.jpeg,63
4417.jpeg,47
4418.jpeg,49
4419.jpeg,98
4420.jpeg,41
4421.jpeg,81
4422.jpeg,19
4423.jpeg,46
4424.jpeg,65
4425.jpeg,40
4426.jpeg,21
4427.jpeg,24
4428.jpeg,12
4429.jpeg,85
4430.jpeg,83
4431.jpeg,51
4432.jpeg,52
4433.jpeg,76
4434.jpeg,25
4435.jpeg,6
4436.jpeg,82
4437.jpeg,91
4438.jpeg,20
4439.jpeg,64
4440.jpeg,52
4441.jpeg,35
4442.jpeg,88
4443.jpeg,18
4444.jpeg,47
4445.jpeg,68
4446.jpeg,62
4447.jpeg,62
4448.jpeg,4
4449.jpeg,32
4450.jpeg,71
4451.jpeg,47
4452.jpeg,92
4453.jpeg,59
4454.jpeg,36
4455.jpeg,9
4456.jpeg,67
4457.jpeg,76
4458.jpeg,92
4459.jpeg,69
4460.jpeg,76
4461.jpeg,53
4462.jpeg,70
4463.jpeg,64
4464.jpeg,55
4465.jpeg,85
4466.jpeg,84
4467.jpeg,47
4468.jpeg,74
4469.jpeg,49
4470.jpeg,57
4471.jpeg,5
4472.jpeg,93
4473.jpeg,93
4474.jpeg,68
4475.jpeg,25
4476.jpeg,5
4477.jpeg,34
4478.jpeg,59
4479.jpeg,33
4480.jpeg,42
4481.jpeg,55
4482.jpeg,68
4483.jpeg,57
4484.jpeg,10
4485.jpeg,68
4486.jpeg,7
4487.jpeg,23
4488.jpeg,4
4489.jpeg,90
4490.jpeg,42
4491.jpeg,37
4492.jpeg,44
4493.jpeg,33
4494.jpeg,3
4495.jpeg,81
4496.jpeg,61
4497.jpeg,97
4498.jpeg,83
4499.jpeg,36
4500.jpeg,79
4501.jpeg,18
4502.jpeg,68
4503.jpeg,4
4504.jpeg,58
4505.jpeg,3
4506.jpeg,7
4507.jpeg,23
4508.jpeg,71
4509.jpeg,50
4510.jpeg,9
4511.jpeg,80
4512.jpeg,44
4513.jpeg,27
4514.jpeg,85
4515.jpeg,23
4516.jpeg,17
4517.jpeg,72
4518.jpeg,25
4519.jpeg,73
4520.jpeg,42
4521.jpeg,99
4522.jpeg,99
4523.jpeg,26
4524.jpeg,48
4525.jpeg,48
4526.jpeg,70
4527.jpeg,12
4528.jpeg,93
4529.jpeg,49
4530.jpeg,86
4531.jpeg,33
4532.jpeg,90
4533.jpeg,88
4534.jpeg,65
4535.jpeg,55
4536.jpeg,68
4537.jpeg,18
4538.jpeg,85
4539.jpeg,14
4540.jpeg,1
4541.jpeg,57
4542.jpeg,46
4543.jpeg,42
4544.jpeg,95
4545.jpeg,71
4546.jpeg,41
4547.jpeg,94
4548.jpeg,48
4549.jpeg,57
4550.jpeg,49
4551.jpeg,8
4552.jpeg,34
4553.jpeg,62
4554.jpeg,44
4555.jpeg,41
4556.jpeg,12
4557.jpeg,23
4558.jpeg,82
4559.jpeg,85
4560.jpeg,92
4561.jpeg,52
4562.jpeg,80
4563.jpeg,68
4564.jpeg,76
4565.jpeg,31
4566.jpeg,21
4567.jpeg,83
4568.jpeg,68
4569.jpeg,29
4570.jpeg,70
4571.jpeg,46
4572.jpeg,6
4573.jpeg,86
4574.jpeg,20
4575.jpeg,32
4576.jpeg,30
4577.jpeg,45
4578.jpeg,6
4579.jpeg,40
4580.jpeg,1
4581.jpeg,26
4582.jpeg,73
4583.jpeg,0
4584.jpeg,70
4585.jpeg,68
4586.jpeg,78
4587.jpeg,20
4588.jpeg,5
4589.jpeg,35
4590.jpeg,66
4591.jpeg,62
4592.jpeg,82
4593.jpeg,36
4594.jpeg,40
4595.jpeg,13
4596.jpeg,16
4597.jpeg,90
4598.jpeg,8
4599.jpeg,19
4600.jpeg,13
4601.jpeg,85
4602.jpeg,23
4603.jpeg,9
4604.jpeg,76
4605.jpeg,48
4606.jpeg,61
4607.jpeg,92
4608.jpeg,41
4609.jpeg,91
4610.jpeg,93
4611.jpeg,47
4612.jpeg,99
4613.jpeg,49
4614.jpeg,91
4615.jpeg,17
4616.jpeg,69
4617.jpeg,41
4618.jpeg,59
4619.jpeg,2
4620.jpeg,33
4621.jpeg,63
4622.jpeg,22
4623.jpeg,51
4624.jpeg,13
4625.jpeg,47
4626.jpeg,71
4627.jpeg,18
4628.jpeg,6
4629.jpeg,3
4630.jpeg,11
4631.jpeg,95
4632.jpeg,59
4633.jpeg,50
4634.jpeg,35
4635.jpeg,11
4636.jpeg,23
4637.jpeg,58
4638.jpeg,24
4639.jpeg,21
4640.jpeg,4
4641.jpeg,52
4642.jpeg,28
4643.jpeg,59
4644.jpeg,18
4645.jpeg,87
4646.jpeg,8
4647.jpeg,52
4648.jpeg,56
4649.jpeg,41
4650.jpeg,63
4651.jpeg,91
4652.jpeg,8
4653.jpeg,62
4654.jpeg,22
4655.jpeg,0
4656.jpeg,23
4657.jpeg,9
4658.jpeg,17
4659.jpeg,86
4660.jpeg,81
4661.jpeg,67
4662.jpeg,90
4663.jpeg,69
4664.jpeg,65
4665.jpeg,61
4666.jpeg,62
4667.jpeg,64
4668.jpeg,15
4669.jpeg,78
4670.jpeg,26
4671.jpeg,57
4672.jpeg,71
4673.jpeg,81
4674.jpeg,59
4675.jpeg,23
4676.jpeg,87
4677.jpeg,41
4678.jpeg,46
4679.jpeg,26
4680.jpeg,26
4681.jpeg,74
4682.jpeg,3
4683.jpeg,20
4684.jpeg,41
4685.jpeg,30
4686.jpeg,99
4687.jpeg,89
4688.jpeg,98
4689.jpeg,14
4690.jpeg,65
4691.jpeg,62
4692.jpeg,53
4693.jpeg,68
4694.jpeg,70
4695.jpeg,91
4696.jpeg,3
4697.jpeg,76
4698.jpeg,57
4699.jpeg,90
4700.jpeg,22
4701.jpeg,35
4702.jpeg,4
4703.jpeg,22
4704.jpeg,3
4705.jpeg,56
4706.jpeg,6
4707.jpeg,97
4708.jpeg,88
4709.jpeg,8
4710.jpeg,21
4711.jpeg,13
4712.jpeg,30
4713.jpeg,11
4714.jpeg,28
4715.jpeg,78
4716.jpeg,17
4717.jpeg,0
4718.jpeg,54
4719.jpeg,40
4720.jpeg,78
4721.jpeg,19
4722.jpeg,48
4723.jpeg,55
4724.jpeg,6
4725.jpeg,55
4726.jpeg,60
4727.jpeg,86
4728.jpeg,56
4729.jpeg,86
4730.jpeg,43
4731.jpeg,99
4732.jpeg,84
4733.jpeg,79
4734.jpeg,22
4735.jpeg,88
4736.jpeg,76
4737.jpeg,77
4738.jpeg,81
4739.jpeg,7
4740.jpeg,16
4741.jpeg,91
4742.jpeg,33
4743.jpeg,20
4744.jpeg,40
4745.jpeg,83
4746.jpeg,51
4747.jpeg,59
4748.jpeg,62
4749.jpeg,80
4750.jpeg,5
4751.jpeg,78
4752.jpeg,88
4753.jpeg,12
4754.jpeg,67
4755.jpeg,88
4756.jpeg,39
4757.jpeg,69
4758.jpeg,17
4759.jpeg,47
4760.jpeg,24
4761.jpeg,97
4762.jpeg,5
4763.jpeg,54
4764.jpeg,74
4765.jpeg,0
4766.jpeg,26
4767.jpeg,3
4768.jpeg,4
4769.jpeg,37
4770.jpeg,29
4771.jpeg,22
4772.jpeg,45
4773.jpeg,9
4774.jpeg,12
4775.jpeg,90
4776.jpeg,80
4777.jpeg,71
4778.jpeg,82
4779.jpeg,24
4780.jpeg,23
4781.jpeg,66
4782.jpeg,19
4783.jpeg,37
4784.jpeg,92
4785.jpeg,26
4786.jpeg,94
4787.jpeg,16
4788.jpeg,23
4789.jpeg,19
4790.jpeg,79
4791.jpeg,53
4792.jpeg,86
4793.jpeg,23
4794.jpeg,33
4795.jpeg,69
4796.jpeg,64
4797.jpeg,4
4798.jpeg,3
4799.jpeg,82
4800.jpeg,79
4801.jpeg,31
4802.jpeg,24
4803.jpeg,73
4804.jpeg,29
4805.jpeg,53
4806.jpeg,89
4807.jpeg,21
4808.jpeg,81
4809.jpeg,20
4810.jpeg,97
4811.jpeg,14
4812.jpeg,50
4813.jpeg,68
4814.jpeg,78
4815.jpeg,71
4816.jpeg,6
4817.jpeg,7
4818.jpeg,94
4819.jpeg,51
4820.jpeg,38
4821.jpeg,70
4822.jpeg,48
4823.jpeg,50
4824.jpeg,36
4825.jpeg,98
4826.jpeg,27
4827.jpeg,76
4828.jpeg,41
4829.jpeg,90
4830.jpeg,57
4831.jpeg,65
4832.jpeg,75
4833.jpeg,11
4834.jpeg,9
4835.jpeg,18
4836.jpeg,23
4837.jpeg,72
4838.jpeg,24
4839.jpeg,7
4840.jpeg,8
4841.jpeg,92
4842.jpeg,30
4843.jpeg,67
4844.jpeg,22
4845.jpeg,36
4846.jpeg,16
4847.jpeg,1
4848.jpeg,69
4849.jpeg,67
4850.jpeg,99
4851.jpeg,1
4852.jpeg,80
4853.jpeg,8
4854.jpeg,15
4855.jpeg,67
4856.jpeg,61
4857.jpeg,79
4858.jpeg,81
4859.jpeg,48
4860.jpeg,45
4861.jpeg,58
4862.jpeg,34
4863.jpeg,52
4864.jpeg,21
4865.jpeg,74
4866.jpeg,77
4867.jpeg,31
4868.jpeg,55
4869.jpeg,68
4870.jpeg,47
4871.jpeg,6
4872.jpeg,80
4873.jpeg,79
4874.jpeg,31
4875.jpeg,77
4876.jpeg,85
4877.jpeg,99
4878.jpeg,27
4879.jpeg,19
4880.jpeg,26
4881.jpeg,32
4882.jpeg,19
4883.jpeg,52
4884.jpeg,88
4885.jpeg,58
4886.jpeg,57
4887.jpeg,41
4888.jpeg,72
4889.jpeg,24
4890.jpeg,76
4891.jpeg,76
4892.jpeg,74
4893.jpeg,42
4894.jpeg,79
4895.jpeg,16
4896.jpeg,58
4897.jpeg,2
4898.jpeg,8
4899.jpeg,32
4900.jpeg,79
4901.jpeg,64
4902.jpeg,89
4903.jpeg,36
4904.jpeg,69
4905.jpeg,7
4906.jpeg,47
4907.jpeg,47
4908.jpeg,29
4909.jpeg,83
4910.jpeg,58
4911.jpeg,89
4912.jpeg,6
4913.jpeg,22
4914.jpeg,83
4915.jpeg,98
4916.jpeg,27
4917.jpeg,11
4918.jpeg,10
4919.jpeg,86
4920.jpeg,74
4921.jpeg,7
4922.jpeg,17
4923.jpeg,43
4924.jpeg,57
4925.jpeg,28
4926.jpeg,32
4927.jpeg,2
4928.jpeg,38
4929.jpeg,29
4930.jpeg,43
4931.jpeg,85
4932.jpeg,9
4933.jpeg,67
4934.jpeg,8
4935.jpeg,84
4936.jpeg,1
4937.jpeg,42
4938.jpeg,83
4939.jpeg,3
4940.jpeg,52
4941.jpeg,20
4942.jpeg,62
4943.jpeg,16
4944.jpeg,3
4945.jpeg,79
4946.jpeg,66
4947.jpeg,90
4948.jpeg,48
4949.jpeg,60
4950.jpeg,58
4951.jpeg,32
4952.jpeg,17
4953.jpeg,98
4954.jpeg,16
4955.jpeg,75
4956.jpeg,58
4957.jpeg,41
4958.jpeg,69
4959.jpeg,37
4960.jpeg,3
4961.jpeg,93
4962.jpeg,78
4963.jpeg,83
4964.jpeg,8
4965.jpeg,35
4966.jpeg,84
4967.jpeg,39
4968.jpeg,82
4969.jpeg,79
4970.jpeg,84
4971.jpeg,54
4972.jpeg,12
4973.jpeg,76
4974.jpeg,51
4975.jpeg,42
4976.jpeg,19
4977.jpeg,98
4978.jpeg,43
4979.jpeg,71
4980.jpeg,52
4981.jpeg,1
4982.jpeg,85
4983.jpeg,79
4984.jpeg,64
4985.jpeg,8
4986.jpeg,22
4987.jpeg,22
4988.jpeg,33
4989.jpeg,43
4990.jpeg,26
4991.jpeg,71
4992.jpeg,8
4993.jpeg,39
4994.jpeg,52
4995.jpeg,34
4996.jpeg,92
4997.jpeg,2
4998.jpeg,28
4999.jpeg,52
